0.000000 0.000061529
0.001000 0.000074924
0.002000 0.000078050
0.003000 0.000087076
0.004000 0.000092514
0.005001 0.000089798
0.006001 0.000094076
0.007001 0.000089313
0.008001 0.000089284
0.009001 0.000082305
0.010001 0.000059452
0.011001 0.000059253
0.012001 0.000063659
0.013001 0.000047361
0.014001 0.000050283
0.015002 0.000048995
0.016002 0.000043058
0.017002 0.000040569
0.018002 0.000054750
0.019002 0.000075079
0.020002 0.000065228
0.021002 0.000079315
0.022002 0.000098159
0.023002 0.000096793
0.024002 0.000104592
0.025003 0.000100525
0.026003 0.000090194
0.027003 0.000095615
0.028003 0.000090905
0.029003 0.000075559
0.030003 0.000074124
0.031003 0.000080801
0.032003 0.000060716
0.033003 0.000056144
0.034003 0.000059781
0.035004 0.000064422
0.036004 0.000055759
0.037004 0.000060658
0.038004 0.000068248
0.039004 0.000082008
0.040004 0.000081827
0.041004 0.000088887
0.042004 0.000095361
0.043004 0.000105438
0.044004 0.000110931
0.045005 0.000102843
0.046005 0.000102734
0.047005 0.000100691
0.048005 0.000095668
0.049005 0.000089999
0.050005 0.000089978
0.051005 0.000079503
0.052005 0.000071095
0.053005 0.000055249
0.054005 0.000060088
0.055006 0.000054946
0.056006 0.000053647
0.057006 0.000065231
0.058006 0.000071445
0.059006 0.000076152
0.060006 0.000094058
0.061006 0.000091828
0.062006 0.000101414
0.063006 0.000102465
0.064006 0.000103829
0.065007 0.000110888
0.066007 0.000118457
0.067007 0.000106621
0.068007 0.000102523
0.069007 0.000096367
0.070007 0.000095792
0.071007 0.000082049
0.072007 0.000078388
0.073007 0.000070017
0.074007 0.000066870
0.075008 0.000055290
0.076008 0.000051019
0.077008 0.000077882
0.078008 0.000057842
0.079008 0.000071788
0.080008 0.000077536
0.081008 0.000093328
0.082008 0.000096543
0.083008 0.000112602
0.084008 0.000115566
0.085009 0.000123085
0.086009 0.000106687
0.087009 0.000118770
0.088009 0.000115431
0.089009 0.000095945
0.090009 0.000091587
0.091009 0.000072949
0.092009 0.000069242
0.093009 0.000072857
0.094009 0.000060441
0.095010 0.000063830
0.096010 0.000058180
0.097010 0.000064536
0.098010 0.000079380
0.099010 0.000081468
0.100010 0.000097152
0.101010 0.000105577
0.102010 0.000116555
0.103010 0.000110060
0.104010 0.000122835
0.105011 0.000121128
0.106011 0.000121025
0.107011 0.000113786
0.108011 0.000110151
0.109011 0.000100143
0.110011 0.000088780
0.111011 0.000082875
0.112011 0.000084072
0.113011 0.000069884
0.114011 0.000076150
0.115012 0.000071952
0.116012 0.000074304
0.117012 0.000069313
0.118012 0.000086261
0.119012 0.000087116
0.120012 0.000103264
0.121012 0.000113827
0.122012 0.000104823
0.123012 0.000129390
0.124012 0.000124554
0.125013 0.000128821
0.126013 0.000135990
0.127013 0.000121298
0.128013 0.000118980
0.129013 0.000109707
0.130013 0.000099692
0.131013 0.000106439
0.132013 0.000091068
0.133013 0.000090840
0.134013 0.000091265
0.135014 0.000077177
0.136014 0.000089232
0.137014 0.000081762
0.138014 0.000089779
0.139014 0.000104857
0.140014 0.000099316
0.141014 0.000113025
0.142014 0.000126067
0.143014 0.000130784
0.144014 0.000138802
0.145015 0.000137984
0.146015 0.000128782
0.147015 0.000129587
0.148015 0.000119856
0.149015 0.000117044
0.150015 0.000111289
0.151015 0.000098289
0.152015 0.000086674
0.153015 0.000084549
0.154015 0.000076334
0.155016 0.000078193
0.156016 0.000081826
0.157016 0.000082239
0.158016 0.000088983
0.159016 0.000091884
0.160016 0.000112223
0.161016 0.000110891
0.162016 0.000113768
0.163016 0.000121507
0.164016 0.000127156
0.165017 0.000132179
0.166017 0.000136349
0.167017 0.000125786
0.168017 0.000122614
0.169017 0.000117315
0.170017 0.000108182
0.171017 0.000103435
0.172017 0.000091135
0.173017 0.000083103
0.174017 0.000078214
0.175018 0.000087775
0.176018 0.000080132
0.177018 0.000092507
0.178018 0.000088645
0.179018 0.000105304
0.180018 0.000106870
0.181018 0.000108465
0.182018 0.000123386
0.183018 0.000130916
0.184018 0.000145375
0.185019 0.000134892
0.186019 0.000128899
0.187019 0.000131563
0.188019 0.000122903
0.189019 0.000110728
0.190019 0.000106708
0.191019 0.000103034
0.192019 0.000096194
0.193019 0.000087154
0.194019 0.000092769
0.195020 0.000089229
0.196020 0.000089057
0.197020 0.000105924
0.198020 0.000100903
0.199020 0.000097044
0.200020 0.000123367
0.201020 0.000119616
0.202020 0.000129166
0.203020 0.000136125
0.204020 0.000136223
0.205021 0.000144266
0.206021 0.000133038
0.207021 0.000141967
0.208021 0.000138120
0.209021 0.000130308
0.210021 0.000126601
0.211021 0.000110482
0.212021 0.000100928
0.213021 0.000095616
0.214021 0.000094490
0.215022 0.000098540
0.216022 0.000101448
0.217022 0.000093827
0.218022 0.000109777
0.219022 0.000114490
0.220022 0.000126401
0.221022 0.000133934
0.222022 0.000140319
0.223022 0.000140950
0.224022 0.000155163
0.225023 0.000144153
0.226023 0.000155998
0.227023 0.000143356
0.228023 0.000145906
0.229023 0.000128595
0.230023 0.000130639
0.231023 0.000118892
0.232023 0.000103867
0.233023 0.000106048
0.234023 0.000098522
0.235024 0.000105188
0.236024 0.000109796
0.237024 0.000103207
0.238024 0.000112376
0.239024 0.000117871
0.240024 0.000130964
0.241024 0.000138771
0.242024 0.000140673
0.243024 0.000141413
0.244024 0.000150784
0.245025 0.000156593
0.246025 0.000150130
0.247025 0.000157492
0.248025 0.000137230
0.249025 0.000131141
0.250025 0.000122187
0.251025 0.000118046
0.252025 0.000108743
0.253025 0.000107835
0.254025 0.000104967
0.255026 0.000104405
0.256026 0.000093558
0.257026 0.000114799
0.258026 0.000105979
0.259026 0.000113537
0.260026 0.000123499
0.261026 0.000138571
0.262026 0.000147777
0.263026 0.000145974
0.264026 0.000151205
0.265027 0.000141943
0.266027 0.000141693
0.267027 0.000138709
0.268027 0.000131687
0.269027 0.000126731
0.270027 0.000121788
0.271027 0.000122823
0.272027 0.000107949
0.273027 0.000100452
0.274027 0.000103477
0.275028 0.000102920
0.276028 0.000101639
0.277028 0.000103943
0.278028 0.000106240
0.279028 0.000107374
0.280028 0.000123944
0.281028 0.000127415
0.282028 0.000129734
0.283028 0.000158485
0.284028 0.000157381
0.285029 0.000152183
0.286029 0.000156036
0.287029 0.000145106
0.288029 0.000144108
0.289029 0.000140123
0.290029 0.000123414
0.291029 0.000117400
0.292029 0.000119285
0.293029 0.000110919
0.294029 0.000105997
0.295030 0.000098159
0.296030 0.000117357
0.297030 0.000116138
0.298030 0.000115237
0.299030 0.000137079
0.300030 0.000138601
0.301030 0.000138212
0.302030 0.000147244
0.303030 0.000152203
0.304030 0.000159875
0.305031 0.000162097
0.306031 0.000163174
0.307031 0.000168483
0.308031 0.000164215
0.309031 0.000152948
0.310031 0.000141990
0.311031 0.000137773
0.312031 0.000128892
0.313031 0.000125919
0.314031 0.000106804
0.315032 0.000119620
0.316032 0.000123739
0.317032 0.000127258
0.318032 0.000130635
0.319032 0.000134406
0.320032 0.000142985
0.321032 0.000150779
0.322032 0.000154742
0.323032 0.000174548
0.324032 0.000166579
0.325033 0.000166275
0.326033 0.000162596
0.327033 0.000160027
0.328033 0.000158384
0.329033 0.000151156
0.330033 0.000148870
0.331033 0.000131091
0.332033 0.000136593
0.333033 0.000127614
0.334033 0.000118810
0.335034 0.000121322
0.336034 0.000121900
0.337034 0.000123824
0.338034 0.000138930
0.339034 0.000140273
0.340034 0.000152050
0.341034 0.000160679
0.342034 0.000167484
0.343034 0.000162695
0.344034 0.000172085
0.345035 0.000164352
0.346035 0.000162600
0.347035 0.000159665
0.348035 0.000152380
0.349035 0.000148276
0.350035 0.000149114
0.351035 0.000135410
0.352035 0.000135811
0.353035 0.000121967
0.354035 0.000112003
0.355036 0.000122907
0.356036 0.000104315
0.357036 0.000115041
0.358036 0.000130710
0.359036 0.000133662
0.360036 0.000153647
0.361036 0.000161976
0.362036 0.000159846
0.363036 0.000161817
0.364036 0.000165516
0.365037 0.000157056
0.366037 0.000156376
0.367037 0.000148834
0.368037 0.000152776
0.369037 0.000142223
0.370037 0.000136149
0.371037 0.000137641
0.372037 0.000122002
0.373037 0.000116470
0.374037 0.000111233
0.375038 0.000109664
0.376038 0.000117503
0.377038 0.000113760
0.378038 0.000123115
0.379038 0.000133520
0.380038 0.000140720
0.381038 0.000148714
0.382038 0.000153951
0.383038 0.000157980
0.384038 0.000173805
0.385039 0.000169752
0.386039 0.000169656
0.387039 0.000159345
0.388039 0.000149949
0.389039 0.000152753
0.390039 0.000144809
0.391039 0.000140043
0.392039 0.000126648
0.393039 0.000126286
0.394039 0.000132392
0.395040 0.000117967
0.396040 0.000117966
0.397040 0.000133730
0.398040 0.000129378
0.399040 0.000136950
0.400040 0.000143652
0.401040 0.000162934
0.402040 0.000166260
0.403040 0.000175947
0.404040 0.000180724
0.405041 0.000169308
0.406041 0.000174407
0.407041 0.000163739
0.408041 0.000163277
0.409041 0.000170710
0.410041 0.000144319
0.411041 0.000138877
0.412041 0.000137079
0.413041 0.000129941
0.414041 0.000127807
0.415042 0.000117632
0.416042 0.000122869
0.417042 0.000137168
0.418042 0.000135461
0.419042 0.000145177
0.420042 0.000146337
0.421042 0.000167343
0.422042 0.000168799
0.423042 0.000177625
0.424042 0.000169543
0.425043 0.000169665
0.426043 0.000173874
0.427043 0.000174959
0.428043 0.000165908
0.429043 0.000160171
0.430043 0.000159349
0.431043 0.000140248
0.432043 0.000144982
0.433043 0.000142079
0.434043 0.000133956
0.435044 0.000127736
0.436044 0.000134577
0.437044 0.000134163
0.438044 0.000133075
0.439044 0.000142572
0.440044 0.000148139
0.441044 0.000154054
0.442044 0.000167709
0.443044 0.000176166
0.444044 0.000165524
0.445045 0.000178280
0.446045 0.000172767
0.447045 0.000166591
0.448045 0.000165036
0.449045 0.000148718
0.450045 0.000154441
0.451045 0.000141734
0.452045 0.000136044
0.453045 0.000127035
0.454045 0.000132688
0.455046 0.000122244
0.456046 0.000119470
0.457046 0.000130777
0.458046 0.000131906
0.459046 0.000137888
0.460046 0.000148246
0.461046 0.000157553
0.462046 0.000159683
0.463046 0.000173433
0.464046 0.000178881
0.465047 0.000171714
0.466047 0.000160807
0.467047 0.000157622
0.468047 0.000157906
0.469047 0.000150595
0.470047 0.000148487
0.471047 0.000130910
0.472047 0.000133689
0.473047 0.000116782
0.474047 0.000126151
0.475048 0.000117054
0.476048 0.000121593
0.477048 0.000119427
0.478048 0.000124109
0.479048 0.000138353
0.480048 0.000132704
0.481048 0.000135133
0.482048 0.000158289
0.483048 0.000157042
0.484048 0.000165543
0.485049 0.000172536
0.486049 0.000170066
0.487049 0.000153662
0.488049 0.000154339
0.489049 0.000148820
0.490049 0.000147555
0.491049 0.000139855
0.492049 0.000130119
0.493049 0.000128636
0.494049 0.000117316
0.495050 0.000122162
0.496050 0.000130197
0.497050 0.000130970
0.498050 0.000143462
0.499050 0.000151234
0.500050 0.000153189
0.501050 0.000162959
0.502050 0.000168161
0.503050 0.000175896
0.504050 0.000184324
0.505051 0.000187057
0.506051 0.000185296
0.507051 0.000187385
0.508051 0.000172483
0.509051 0.000161748
0.510051 0.000151263
0.511051 0.000156293
0.512051 0.000139246
0.513051 0.000142715
0.514051 0.000142731
0.515052 0.000139950
0.516052 0.000142190
0.517052 0.000148428
0.518052 0.000146430
0.519052 0.000154564
0.520052 0.000156624
0.521052 0.000160035
0.522052 0.000178249
0.523052 0.000183548
0.524052 0.000185975
0.525053 0.000176038
0.526053 0.000187598
0.527053 0.000189473
0.528053 0.000176769
0.529053 0.000176263
0.530053 0.000169223
0.531053 0.000160542
0.532053 0.000151562
0.533053 0.000137747
0.534053 0.000137003
0.535054 0.000130598
0.536054 0.000134718
0.537054 0.000144301
0.538054 0.000147536
0.539054 0.000154840
0.540054 0.000159790
0.541054 0.000152351
0.542054 0.000167288
0.543054 0.000173054
0.544054 0.000179621
0.545055 0.000178304
0.546055 0.000180406
0.547055 0.000174895
0.548055 0.000172476
0.549055 0.000160348
0.550055 0.000145189
0.551055 0.000139907
0.552055 0.000131921
0.553055 0.000135529
0.554055 0.000130235
0.555056 0.000119943
0.556056 0.000124509
0.557056 0.000127350
0.558056 0.000138810
0.559056 0.000137354
0.560056 0.000148070
0.561056 0.000156216
0.562056 0.000160207
0.563056 0.000174746
0.564056 0.000171060
0.565057 0.000176976
0.566057 0.000167880
0.567057 0.000169756
0.568057 0.000154338
0.569057 0.000157246
0.570057 0.000142183
0.571057 0.000137967
0.572057 0.000134471
0.573057 0.000124707
0.574057 0.000118830
0.575058 0.000118471
0.576058 0.000119347
0.577058 0.000122124
0.578058 0.000131270
0.579058 0.000136695
0.580058 0.000130342
0.581058 0.000159177
0.582058 0.000155944
0.583058 0.000160232
0.584058 0.000179773
0.585059 0.000164549
0.586059 0.000177589
0.587059 0.000155827
0.588059 0.000160516
0.589059 0.000157474
0.590059 0.000149002
0.591059 0.000139839
0.592059 0.000138882
0.593059 0.000140123
0.594059 0.000139989
0.595060 0.000131232
0.596060 0.000139651
0.597060 0.000135539
0.598060 0.000141962
0.599060 0.000157080
0.600060 0.000161058
0.601060 0.000159329
0.602060 0.000171408
0.603060 0.000174117
0.604060 0.000176113
0.605061 0.000190958
0.606061 0.000174953
0.607061 0.000181230
0.608061 0.000177947
0.609061 0.000163048
0.610061 0.000161884
0.611061 0.000152300
0.612061 0.000153366
0.613061 0.000133410
0.614061 0.000138953
0.615062 0.000136054
0.616062 0.000142143
0.617062 0.000142990
0.618062 0.000142940
0.619062 0.000163945
0.620062 0.000168733
0.621062 0.000176245
0.622062 0.000179273
0.623062 0.000183287
0.624062 0.000183904
0.625063 0.000176802
0.626063 0.000191818
0.627063 0.000186500
0.628063 0.000166736
0.629063 0.000170830
0.630063 0.000161281
0.631063 0.000152978
0.632063 0.000157172
0.633063 0.000138653
0.634063 0.000128741
0.635064 0.000142641
0.636064 0.000138007
0.637064 0.000144508
0.638064 0.000145412
0.639064 0.000140931
0.640064 0.000148211
0.641064 0.000159752
0.642064 0.000177064
0.643064 0.000173677
0.644064 0.000175001
0.645065 0.000175269
0.646065 0.000174456
0.647065 0.000171406
0.648065 0.000156746
0.649065 0.000151356
0.650065 0.000149507
0.651065 0.000137762
0.652065 0.000130463
0.653065 0.000127379
0.654065 0.000116725
0.655066 0.000118117
0.656066 0.000122649
0.657066 0.000119188
0.658066 0.000122865
0.659066 0.000139239
0.660066 0.000152649
0.661066 0.000146703
0.662066 0.000149554
0.663066 0.000169604
0.664066 0.000166571
0.665067 0.000162505
0.666067 0.000150742
0.667067 0.000149997
0.668067 0.000153576
0.669067 0.000137350
0.670067 0.000132579
0.671067 0.000128300
0.672067 0.000119045
0.673067 0.000117374
0.674067 0.000127716
0.675068 0.000115039
0.676068 0.000115185
0.677068 0.000120637
0.678068 0.000124095
0.679068 0.000129696
0.680068 0.000135012
0.681068 0.000144837
0.682068 0.000147695
0.683068 0.000167679
0.684068 0.000164835
0.685069 0.000160629
0.686069 0.000165972
0.687069 0.000165205
0.688069 0.000151868
0.689069 0.000146019
0.690069 0.000136003
0.691069 0.000136585
0.692069 0.000127568
0.693069 0.000121087
0.694069 0.000112825
0.695070 0.000113853
0.696070 0.000121781
0.697070 0.000126298
0.698070 0.000134777
0.699070 0.000147659
0.700070 0.000150123
0.701070 0.000161470
0.702070 0.000164453
0.703070 0.000179149
0.704070 0.000195695
0.705071 0.000180741
0.706071 0.000186153
0.707071 0.000171774
0.708071 0.000171959
0.709071 0.000163617
0.710071 0.000155243
0.711071 0.000136587
0.712071 0.000139986
0.713071 0.000140594
0.714071 0.000146175
0.715072 0.000129813
0.716072 0.000148466
0.717072 0.000138406
0.718072 0.000137164
0.719072 0.000147101
0.720072 0.000161070
0.721072 0.000164317
0.722072 0.000165068
0.723072 0.000175176
0.724072 0.000182972
0.725073 0.000180005
0.726073 0.000189625
0.727073 0.000170739
0.728073 0.000168210
0.729073 0.000159941
0.730073 0.000159121
0.731073 0.000141211
0.732073 0.000132789
0.733073 0.000126983
0.734073 0.000134245
0.735074 0.000125212
0.736074 0.000126774
0.737074 0.000140253
0.738074 0.000144114
0.739074 0.000156942
0.740074 0.000156893
0.741074 0.000165535
0.742074 0.000175867
0.743074 0.000181427
0.744074 0.000172951
0.745075 0.000175254
0.746075 0.000177296
0.747075 0.000164399
0.748075 0.000160333
0.749075 0.000156157
0.750075 0.000151009
0.751075 0.000133945
0.752075 0.000120456
0.753075 0.000117137
0.754075 0.000114414
0.755076 0.000118133
0.756076 0.000123045
0.757076 0.000127811
0.758076 0.000127800
0.759076 0.000135068
0.760076 0.000131308
0.761076 0.000149620
0.762076 0.000144564
0.763076 0.000161402
0.764076 0.000154623
0.765077 0.000164840
0.766077 0.000143761
0.767077 0.000148240
0.768077 0.000144985
0.769077 0.000140404
0.770077 0.000141646
0.771077 0.000117547
0.772077 0.000118411
0.773077 0.000096182
0.774077 0.000108704
0.775078 0.000107938
0.776078 0.000097236
0.777078 0.000113115
0.778078 0.000114124
0.779078 0.000120152
0.780078 0.000127179
0.781078 0.000149838
0.782078 0.000142747
0.783078 0.000152734
0.784078 0.000152888
0.785079 0.000155976
0.786079 0.000146588
0.787079 0.000152188
0.788079 0.000143211
0.789079 0.000140925
0.790079 0.000127917
0.791079 0.000122923
0.792079 0.000117569
0.793079 0.000114482
0.794079 0.000114154
0.795080 0.000102546
0.796080 0.000104028
0.797080 0.000116232
0.798080 0.000131423
0.799080 0.000138670
0.800080 0.000149200
0.801080 0.000145221
0.802080 0.000148437
0.803080 0.000159887
0.804080 0.000168875
0.805081 0.000167485
0.806081 0.000153727
0.807081 0.000161068
0.808081 0.000155044
0.809081 0.000136045
0.810081 0.000138537
0.811081 0.000142313
0.812081 0.000129897
0.813081 0.000125938
0.814081 0.000120783
0.815082 0.000118491
0.816082 0.000123814
0.817082 0.000132921
0.818082 0.000140188
0.819082 0.000145117
0.820082 0.000146021
0.821082 0.000157144
0.822082 0.000162432
0.823082 0.000158783
0.824082 0.000172612
0.825083 0.000178059
0.826083 0.000169833
0.827083 0.000171484
0.828083 0.000168629
0.829083 0.000163997
0.830083 0.000144249
0.831083 0.000138172
0.832083 0.000130321
0.833083 0.000121698
0.834083 0.000122571
0.835084 0.000115757
0.836084 0.000122072
0.837084 0.000112580
0.838084 0.000131027
0.839084 0.000134426
0.840084 0.000139436
0.841084 0.000153943
0.842084 0.000163389
0.843084 0.000171216
0.844084 0.000165821
0.845085 0.000169176
0.846085 0.000162135
0.847085 0.000159973
0.848085 0.000148876
0.849085 0.000144685
0.850085 0.000131645
0.851085 0.000128243
0.852085 0.000118003
0.853085 0.000113294
0.854085 0.000116018
0.855086 0.000110136
0.856086 0.000100552
0.857086 0.000110340
0.858086 0.000109078
0.859086 0.000115031
0.860086 0.000133526
0.861086 0.000139050
0.862086 0.000133598
0.863086 0.000143526
0.864086 0.000151594
0.865087 0.000149145
0.866087 0.000151615
0.867087 0.000139563
0.868087 0.000134314
0.869087 0.000142161
0.870087 0.000114248
0.871087 0.000110014
0.872087 0.000098521
0.873087 0.000097121
0.874087 0.000095336
0.875088 0.000095845
0.876088 0.000092769
0.877088 0.000092582
0.878088 0.000098659
0.879088 0.000106553
0.880088 0.000117800
0.881088 0.000128824
0.882088 0.000130673
0.883088 0.000141933
0.884088 0.000149506
0.885089 0.000139654
0.886089 0.000134986
0.887089 0.000149268
0.888089 0.000121217
0.889089 0.000124628
0.890089 0.000114478
0.891089 0.000110129
0.892089 0.000108479
0.893089 0.000100077
0.894089 0.000098298
0.895090 0.000097108
0.896090 0.000104893
0.897090 0.000113104
0.898090 0.000112172
0.899090 0.000125255
0.900090 0.000127032
0.901090 0.000122510
0.902090 0.000140139
0.903090 0.000141736
0.904090 0.000159587
0.905091 0.000156359
0.906091 0.000153854
0.907091 0.000148282
0.908091 0.000137649
0.909091 0.000138704
0.910091 0.000127123
0.911091 0.000117339
0.912091 0.000113904
0.913091 0.000106184
0.914091 0.000112436
0.915092 0.000106083
0.916092 0.000114621
0.917092 0.000117532
0.918092 0.000123426
0.919092 0.000130726
0.920092 0.000139266
0.921092 0.000136738
0.922092 0.000149959
0.923092 0.000156027
0.924092 0.000157251
0.925093 0.000152308
0.926093 0.000153802
0.927093 0.000151564
0.928093 0.000145939
0.929093 0.000144290
0.930093 0.000132800
0.931093 0.000119402
0.932093 0.000111636
0.933093 0.000108395
0.934093 0.000107658
0.935094 0.000102925
0.936094 0.000100411
0.937094 0.000112217
0.938094 0.000115595
0.939094 0.000115293
0.940094 0.000134076
0.941094 0.000135766
0.942094 0.000142102
0.943094 0.000147255
0.944094 0.000153217
0.945095 0.000144513
0.946095 0.000143383
0.947095 0.000134720
0.948095 0.000131640
0.949095 0.000120697
0.950095 0.000114316
0.951095 0.000109113
0.952095 0.000100738
0.953095 0.000090998
0.954095 0.000082939
0.955096 0.000093090
0.956096 0.000079930
0.957096 0.000090919
0.958096 0.000098757
0.959096 0.000098044
0.960096 0.000117543
0.961096 0.000116854
0.962096 0.000128394
0.963096 0.000119303
0.964096 0.000127775
0.965097 0.000122444
0.966097 0.000122937
0.967097 0.000115925
0.968097 0.000111807
0.969097 0.000094188
0.970097 0.000093934
0.971097 0.000085736
0.972097 0.000079068
0.973097 0.000067498
0.974097 0.000072123
0.975098 0.000065693
0.976098 0.000067549
0.977098 0.000074128
0.978098 0.000087720
0.979098 0.000092161
0.980098 0.000103305
0.981098 0.000116742
0.982098 0.000108457
0.983098 0.000126473
0.984098 0.000120878
0.985099 0.000126605
0.986099 0.000125334
0.987099 0.000120024
0.988099 0.000125076
0.989099 0.000116753
0.990099 0.000112298
0.991099 0.000089507
0.992099 0.000081937
0.993099 0.000084031
0.994099 0.000079087
0.995100 0.000084456
0.996100 0.000089021
0.997100 0.000085446
0.998100 0.000098525
0.999100 0.000105495
1.000100 0.000110124
1.001100 0.000116779
1.002100 0.000126414
1.003100 0.000129773
1.004100 0.000138868
1.005101 0.000123827
1.006101 0.000134881
1.007101 0.000139547
1.008101 0.000113351
1.009101 0.000122614
1.010101 0.000108010
1.011101 0.000109476
1.012101 0.000092373
1.013101 0.000087787
1.014101 0.000084587
1.015102 0.000093618
1.016102 0.000087677
1.017102 0.000096599
1.018102 0.000097152
1.019102 0.000108351
1.020102 0.000124024
1.021102 0.000126253
1.022102 0.000136355
1.023102 0.000139726
1.024102 0.000136596
1.025103 0.000137570
1.026103 0.000131391
1.027103 0.000131744
1.028103 0.000131099
1.029103 0.000120179
1.030103 0.000107070
1.031103 0.000113352
1.032103 0.000099486
1.033103 0.000084042
1.034103 0.000075600
1.035104 0.000083692
1.036104 0.000081857
1.037104 0.000087095
1.038104 0.000099794
1.039104 0.000101148
1.040104 0.000111385
1.041104 0.000111036
1.042104 0.000119064
1.043104 0.000119729
1.044104 0.000131984
1.045105 0.000127350
1.046105 0.000119029
1.047105 0.000118497
1.048105 0.000116595
1.049105 0.000102884
1.050105 0.000094838
1.051105 0.000082414
1.052105 0.000089789
1.053105 0.000064168
1.054105 0.000063493
1.055106 0.000070433
1.056106 0.000077535
1.057106 0.000076470
1.058106 0.000069919
1.059106 0.000081860
1.060106 0.000077429
1.061106 0.000090551
1.062106 0.000092446
1.063106 0.000095451
1.064106 0.000110814
1.065107 0.000102228
1.066107 0.000098452
1.067107 0.000099397
1.068107 0.000102795
1.069107 0.000089497
1.070107 0.000075390
1.071107 0.000063899
1.072107 0.000062667
1.073107 0.000047523
1.074107 0.000055399
1.075108 0.000047961
1.076108 0.000052890
1.077108 0.000059025
1.078108 0.000055906
1.079108 0.000066174
1.080108 0.000073562
1.081108 0.000088477
1.082108 0.000093147
1.083108 0.000101448
1.084108 0.000102466
1.085109 0.000091115
1.086109 0.000100462
1.087109 0.000103739
1.088109 0.000091483
1.089109 0.000079814
1.090109 0.000077612
1.091109 0.000069369
1.092109 0.000055221
1.093109 0.000059339
1.094109 0.000065129
1.095110 0.000061763
1.096110 0.000055312
1.097110 0.000063817
1.098110 0.000067405
1.099110 0.000083101
1.100110 0.000089386
1.101110 0.000086842
1.102110 0.000103819
1.103110 0.000096865
1.104110 0.000103031
1.105111 0.000108893
1.106111 0.000114887
1.107111 0.000104829
1.108111 0.000107543
1.109111 0.000091940
1.110111 0.000084910
1.111111 0.000080490
1.112111 0.000067871
1.113111 0.000069661
1.114111 0.000062470
1.115112 0.000072100
1.116112 0.000072061
1.117112 0.000071631
1.118112 0.000069135
1.119112 0.000074360
1.120112 0.000089497
1.121112 0.000105229
1.122112 0.000104063
1.123112 0.000098173
1.124112 0.000106699
1.125113 0.000114090
1.126113 0.000111449
1.127113 0.000117722
1.128113 0.000104919
1.129113 0.000099875
1.130113 0.000092083
1.131113 0.000080054
1.132113 0.000062810
1.133113 0.000060874
1.134113 0.000059604
1.135114 0.000057377
1.136114 0.000062697
1.137114 0.000066596
1.138114 0.000078609
1.139114 0.000064371
1.140114 0.000081337
1.141114 0.000091806
1.142114 0.000085362
1.143114 0.000100497
1.144114 0.000104016
1.145115 0.000104260
1.146115 0.000094717
1.147115 0.000096292
1.148115 0.000087194
1.149115 0.000079991
1.150115 0.000065907
1.151115 0.000048204
1.152115 0.000048806
1.153115 0.000044725
1.154115 0.000048526
1.155116 0.000050927
1.156116 0.000050193
1.157116 0.000047153
1.158116 0.000048447
1.159116 0.000060547
1.160116 0.000061388
1.161116 0.000062613
1.162116 0.000074895
1.163116 0.000080198
1.164116 0.000079032
1.165117 0.000075551
1.166117 0.000068053
1.167117 0.000074172
1.168117 0.000063828
1.169117 0.000053283
1.170117 0.000058020
1.171117 0.000052692
1.172117 0.000028634
1.173117 0.000043731
1.174117 0.000030737
1.175118 0.000019628
1.176118 0.000026358
1.177118 0.000021379
1.178118 0.000041945
1.179118 0.000041024
1.180118 0.000050509
1.181118 0.000054925
1.182118 0.000070178
1.183118 0.000071919
1.184118 0.000070883
1.185119 0.000088012
1.186119 0.000078752
1.187119 0.000076655
1.188119 0.000058870
1.189119 0.000050240
1.190119 0.000059837
1.191119 0.000046817
1.192119 0.000037776
1.193119 0.000030468
1.194119 0.000028152
1.195120 0.000025375
1.196120 0.000026001
1.197120 0.000045844
1.198120 0.000050601
1.199120 0.000053317
1.200120 0.000048584
1.201120 0.000071399
1.202120 0.000076733
1.203120 0.000088724
1.204120 0.000090047
1.205121 0.000094317
1.206121 0.000084792
1.207121 0.000093765
1.208121 0.000081690
1.209121 0.000072002
1.210121 0.000062152
1.211121 0.000063844
1.212121 0.000051287
1.213121 0.000044426
1.214121 0.000037639
1.215122 0.000043286
1.216122 0.000043459
1.217122 0.000058226
1.218122 0.000054121
1.219122 0.000063697
1.220122 0.000073374
1.221122 0.000071261
1.222122 0.000076473
1.223122 0.000087062
1.224122 0.000095682
1.225123 0.000102956
1.226123 0.000088289
1.227123 0.000084825
1.228123 0.000074633
1.229123 0.000081565
1.230123 0.000066208
1.231123 0.000053233
1.232123 0.000058482
1.233123 0.000037018
1.234123 0.000041042
1.235124 0.000034580
1.236124 0.000033982
1.237124 0.000052266
1.238124 0.000046245
1.239124 0.000056915
1.240124 0.000055021
1.241124 0.000072221
1.242124 0.000075480
1.243124 0.000086311
1.244124 0.000078985
1.245125 0.000079659
1.246125 0.000074687
1.247125 0.000065969
1.248125 0.000064995
1.249125 0.000045324
1.250125 0.000040874
1.251125 0.000027576
1.252125 0.000020678
1.253125 0.000021708
1.254125 0.000027279
1.255126 0.000018305
1.256126 0.000012624
1.257126 0.000014319
1.258126 0.000017477
1.259126 0.000036862
1.260126 0.000033858
1.261126 0.000042316
1.262126 0.000047556
1.263126 0.000055842
1.264126 0.000054190
1.265127 0.000050704
1.266127 0.000051778
1.267127 0.000052654
1.268127 0.000051778
1.269127 0.000038908
1.270127 0.000032206
1.271127 0.000012321
1.272127 0.000013032
1.273127 0.000001759
1.274127 0.000001008
1.275128 0.000007776
1.276128 0.000000038
1.277128 0.000002776
1.278128 0.000011908
1.279128 0.000020576
1.280128 0.000022391
1.281128 0.000034479
1.282128 0.000040778
1.283128 0.000053533
1.284128 0.000044045
1.285129 0.000052965
1.286129 0.000045294
1.287129 0.000052278
1.288129 0.000026985
1.289129 0.000035484
1.290129 0.000030121
1.291129 0.000015334
1.292129 0.000020498
1.293129 0.000003337
1.294129 0.000006982
1.295130 0.000000365
1.296130 0.000011747
1.297130 0.000005295
1.298130 0.000021974
1.299130 0.000019827
1.300130 0.000023113
1.301130 0.000044521
1.302130 0.000055257
1.303130 0.000055713
1.304130 0.000051603
1.305131 0.000063553
1.306131 0.000055368
1.307131 0.000044659
1.308131 0.000056346
1.309131 0.000037861
1.310131 0.000040775
1.311131 0.000032291
1.312131 0.000023083
1.313131 0.000013609
1.314131 0.000011118
1.315132 0.000014640
1.316132 0.000017999
1.317132 0.000019085
1.318132 0.000030112
1.319132 0.000034194
1.320132 0.000048485
1.321132 0.000043505
1.322132 0.000057941
1.323132 0.000066908
1.324132 0.000060372
1.325133 0.000063880
1.326133 0.000064318
1.327133 0.000051122
1.328133 0.000054545
1.329133 0.000042133
1.330133 0.000029256
1.331133 0.000020672
1.332133 0.000020685
1.333133 0.000017478
1.334133 0.000013367
1.335134 0.000017107
1.336134 0.000012368
1.337134 0.000006959
1.338134 0.000014377
1.339134 0.000026936
1.340134 0.000032783
1.341134 0.000022376
1.342134 0.000032658
1.343134 0.000051382
1.344134 0.000053967
1.345135 0.000055228
1.346135 0.000042586
1.347135 0.000032948
1.348135 0.000036780
1.349135 0.000023232
1.350135 0.000017661
1.351135 0.000016494
1.352135 -0.000012282
1.353135 -0.000004557
1.354135 -0.000005605
1.355136 -0.000013724
1.356136 -0.000014176
1.357136 -0.000014379
1.358136 -0.000000707
1.359136 0.000005142
1.360136 0.000006915
1.361136 0.000015238
1.362136 0.000023420
1.363136 0.000018616
1.364136 0.000022520
1.365137 0.000022003
1.366137 0.000028172
1.367137 0.000017570
1.368137 0.000016885
1.369137 0.000007074
1.370137 -0.000000266
1.371137 -0.000014843
1.372137 -0.000021877
1.373137 -0.000024194
1.374137 -0.000031395
1.375138 -0.000027213
1.376138 -0.000032074
1.377138 -0.000022493
1.378138 -0.000018330
1.379138 -0.000005271
1.380138 -0.000004521
1.381138 0.000002880
1.382138 0.000018049
1.383138 0.000019419
1.384138 0.000024719
1.385139 0.000032432
1.386139 0.000033590
1.387139 0.000023116
1.388139 0.000013777
1.389139 0.000010858
1.390139 -0.000001414
1.391139 -0.000003434
1.392139 -0.000001417
1.393139 -0.000027526
1.394139 -0.000011718
1.395140 -0.000019094
1.396140 -0.000009636
1.397140 -0.000006430
1.398140 -0.000006301
1.399140 0.000003641
1.400140 0.000013897
1.401140 0.000018769
1.402140 0.000020536
1.403140 0.000034200
1.404140 0.000039064
1.405141 0.000037792
1.406141 0.000031773
1.407141 0.000028320
1.408141 0.000024710
1.409141 0.000021285
1.410141 0.000014854
1.411141 0.000011069
1.412141 -0.000007293
1.413141 -0.000007399
1.414141 -0.000003218
1.415142 -0.000007775
1.416142 -0.000015905
1.417142 -0.000003175
1.418142 -0.000001858
1.419142 0.000010533
1.420142 0.000008868
1.421142 0.000024381
1.422142 0.000035202
1.423142 0.000037172
1.424142 0.000033917
1.425143 0.000041637
1.426143 0.000031092
1.427143 0.000036587
1.428143 0.000024407
1.429143 0.000017671
1.430143 0.000014464
1.431143 0.000005750
1.432143 -0.000006033
1.433143 -0.000007161
1.434143 -0.000015547
1.435144 -0.000019649
1.436144 -0.000018113
1.437144 -0.000018642
1.438144 0.000000518
1.439144 -0.000001294
1.440144 0.000007218
1.441144 0.000015080
1.442144 0.000016329
1.443144 0.000013521
1.444144 0.000031439
1.445145 0.000025517
1.446145 0.000016836
1.447145 0.000011607
1.448145 0.000015466
1.449145 -0.000011512
1.450145 -0.000020465
1.451145 -0.000019440
1.452145 -0.000024417
1.453145 -0.000036537
1.454145 -0.000037618
1.455146 -0.000041821
1.456146 -0.000040849
1.457146 -0.000030858
1.458146 -0.000026950
1.459146 -0.000029249
1.460146 -0.000034640
1.461146 -0.000007961
1.462146 -0.000003870
1.463146 -0.000002747
1.464146 0.000000317
1.465147 0.000010143
1.466147 -0.000001082
1.467147 0.000000250
1.468147 -0.000009284
1.469147 -0.000020209
1.470147 -0.000029842
1.471147 -0.000039608
1.472147 -0.000047235
1.473147 -0.000050906
1.474147 -0.000061603
1.475148 -0.000044513
1.476148 -0.000055113
1.477148 -0.000043729
1.478148 -0.000044036
1.479148 -0.000042666
1.480148 -0.000023398
1.481148 -0.000019186
1.482148 -0.000010230
1.483148 -0.000007309
1.484148 -0.000009361
1.485149 -0.000010782
1.486149 -0.000005248
1.487149 -0.000006912
1.488149 -0.000016591
1.489149 -0.000016205
1.490149 -0.000026201
1.491149 -0.000041009
1.492149 -0.000043728
1.493149 -0.000039406
1.494149 -0.000039498
1.495150 -0.000039803
1.496150 -0.000048521
1.497150 -0.000038678
1.498150 -0.000031942
1.499150 -0.000023062
1.500150 -0.000018919
1.501150 0.000000134
1.502150 -0.000005014
1.503150 0.000008684
1.504150 0.000006011
1.505151 0.000014956
1.506151 0.000007862
1.507151 -0.000011829
1.508151 0.000004739
1.509151 -0.000005233
1.510151 -0.000008950
1.511151 -0.000025709
1.512151 -0.000034825
1.513151 -0.000027969
1.514151 -0.000031219
1.515152 -0.000043650
1.516152 -0.000036697
1.517152 -0.000036829
1.518152 -0.000030720
1.519152 -0.000021624
1.520152 -0.000018137
1.521152 -0.000014759
1.522152 -0.000007969
1.523152 0.000005124
1.524152 0.000007257
1.525153 -0.000003196
1.526153 0.000007379
1.527153 0.000005991
1.528153 -0.000009461
1.529153 -0.000013479
1.530153 -0.000029302
1.531153 -0.000022727
1.532153 -0.000025296
1.533153 -0.000032876
1.534153 -0.000040606
1.535154 -0.000041031
1.536154 -0.000038560
1.537154 -0.000041341
1.538154 -0.000037738
1.539154 -0.000035431
1.540154 -0.000024139
1.541154 -0.000022916
1.542154 -0.000009968
1.543154 -0.000009462
1.544154 -0.000004249
1.545155 -0.000005564
1.546155 -0.000010230
1.547155 -0.000016568
1.548155 -0.000019352
1.549155 -0.000027317
1.550155 -0.000041130
1.551155 -0.000044418
1.552155 -0.000057090
1.553155 -0.000062310
1.554155 -0.000058890
1.555156 -0.000073405
1.556156 -0.000059834
1.557156 -0.000069476
1.558156 -0.000067503
1.559156 -0.000054853
1.560156 -0.000047706
1.561156 -0.000038733
1.562156 -0.000035723
1.563156 -0.000026607
1.564156 -0.000017308
1.565157 -0.000024584
1.566157 -0.000027146
1.567157 -0.000036826
1.568157 -0.000045172
1.569157 -0.000044656
1.570157 -0.000049487
1.571157 -0.000069232
1.572157 -0.000075052
1.573157 -0.000077603
1.574157 -0.000079598
1.575158 -0.000087485
1.576158 -0.000081776
1.577158 -0.000080708
1.578158 -0.000068654
1.579158 -0.000066329
1.580158 -0.000062679
1.581158 -0.000054899
1.582158 -0.000045156
1.583158 -0.000043396
1.584158 -0.000029818
1.585159 -0.000047856
1.586159 -0.000044448
1.587159 -0.000039381
1.588159 -0.000039465
1.589159 -0.000057911
1.590159 -0.000054783
1.591159 -0.000066829
1.592159 -0.000073756
1.593159 -0.000076148
1.594159 -0.000070155
1.595160 -0.000076225
1.596160 -0.000069659
1.597160 -0.000069608
1.598160 -0.000058622
1.599160 -0.000055358
1.600160 -0.000038082
1.601160 -0.000043767
1.602160 -0.000027532
1.603160 -0.000028469
1.604160 -0.000025323
1.605161 -0.000027494
1.606161 -0.000020960
1.607161 -0.000021329
1.608161 -0.000021500
1.609161 -0.000030978
1.610161 -0.000046213
1.611161 -0.000051307
1.612161 -0.000064815
1.613161 -0.000073653
1.614161 -0.000062300
1.615162 -0.000060126
1.616162 -0.000072946
1.617162 -0.000059470
1.618162 -0.000057410
1.619162 -0.000051442
1.620162 -0.000037924
1.621162 -0.000040456
1.622162 -0.000020414
1.623162 -0.000019617
1.624162 -0.000019792
1.625163 -0.000022874
1.626163 -0.000016571
1.627163 -0.000030340
1.628163 -0.000026166
1.629163 -0.000040098
1.630163 -0.000048163
1.631163 -0.000053640
1.632163 -0.000063104
1.633163 -0.000064186
1.634163 -0.000076044
1.635164 -0.000069382
1.636164 -0.000061698
1.637164 -0.000058293
1.638164 -0.000055572
1.639164 -0.000057995
1.640164 -0.000048086
1.641164 -0.000038300
1.642164 -0.000039402
1.643164 -0.000028036
1.644164 -0.000033558
1.645165 -0.000036271
1.646165 -0.000037575
1.647165 -0.000036652
1.648165 -0.000038582
1.649165 -0.000050062
1.650165 -0.000059005
1.651165 -0.000063659
1.652165 -0.000080454
1.653165 -0.000075017
1.654165 -0.000093540
1.655166 -0.000091857
1.656166 -0.000094783
1.657166 -0.000084679
1.658166 -0.000081637
1.659166 -0.000081077
1.660166 -0.000068768
1.661166 -0.000058804
1.662166 -0.000051314
1.663166 -0.000056479
1.664166 -0.000050225
1.665167 -0.000048898
1.666167 -0.000051298
1.667167 -0.000066672
1.668167 -0.000062667
1.669167 -0.000072875
1.670167 -0.000083790
1.671167 -0.000085435
1.672167 -0.000087145
1.673167 -0.000098967
1.674167 -0.000097131
1.675168 -0.000102382
1.676168 -0.000097567
1.677168 -0.000100208
1.678168 -0.000100246
1.679168 -0.000100446
1.680168 -0.000077053
1.681168 -0.000069297
1.682168 -0.000056620
1.683168 -0.000067218
1.684168 -0.000056234
1.685169 -0.000054091
1.686169 -0.000057412
1.687169 -0.000060907
1.688169 -0.000064113
1.689169 -0.000068396
1.690169 -0.000089267
1.691169 -0.000087452
1.692169 -0.000089786
1.693169 -0.000085096
1.694169 -0.000095128
1.695170 -0.000102668
1.696170 -0.000082296
1.697170 -0.000093853
1.698170 -0.000083716
1.699170 -0.000081022
1.700170 -0.000067618
1.701170 -0.000066035
1.702170 -0.000056114
1.703170 -0.000047647
1.704170 -0.000054008
1.705171 -0.000041208
1.706171 -0.000049977
1.707171 -0.000050493
1.708171 -0.000059446
1.709171 -0.000063023
1.710171 -0.000083120
1.711171 -0.000090711
1.712171 -0.000083026
1.713171 -0.000089687
1.714171 -0.000096634
1.715172 -0.000090578
1.716172 -0.000085379
1.717172 -0.000092436
1.718172 -0.000087895
1.719172 -0.000086938
1.720172 -0.000073236
1.721172 -0.000055467
1.722172 -0.000060377
1.723172 -0.000054430
1.724172 -0.000050577
1.725173 -0.000040884
1.726173 -0.000048638
1.727173 -0.000054864
1.728173 -0.000060274
1.729173 -0.000059622
1.730173 -0.000068611
1.731173 -0.000072727
1.732173 -0.000086924
1.733173 -0.000092267
1.734173 -0.000094443
1.735174 -0.000078438
1.736174 -0.000096814
1.737174 -0.000094228
1.738174 -0.000088355
1.739174 -0.000085574
1.740174 -0.000076406
1.741174 -0.000073516
1.742174 -0.000060470
1.743174 -0.000055895
1.744174 -0.000056343
1.745175 -0.000059516
1.746175 -0.000062741
1.747175 -0.000061992
1.748175 -0.000065456
1.749175 -0.000087244
1.750175 -0.000084253
1.751175 -0.000094072
1.752175 -0.000105158
1.753175 -0.000114142
1.754175 -0.000123292
1.755176 -0.000112629
1.756176 -0.000126614
1.757176 -0.000118450
1.758176 -0.000111204
1.759176 -0.000107567
1.760176 -0.000091671
1.761176 -0.000092572
1.762176 -0.000086815
1.763176 -0.000085087
1.764176 -0.000081257
1.765177 -0.000079038
1.766177 -0.000079023
1.767177 -0.000091169
1.768177 -0.000091005
1.769177 -0.000088984
1.770177 -0.000104932
1.771177 -0.000111854
1.772177 -0.000117911
1.773177 -0.000124483
1.774177 -0.000123537
1.775178 -0.000124902
1.776178 -0.000128292
1.777178 -0.000126619
1.778178 -0.000117763
1.779178 -0.000109839
1.780178 -0.000103666
1.781178 -0.000084074
1.782178 -0.000080892
1.783178 -0.000079769
1.784178 -0.000072874
1.785179 -0.000082202
1.786179 -0.000083541
1.787179 -0.000088096
1.788179 -0.000082301
1.789179 -0.000084910
1.790179 -0.000108987
1.791179 -0.000113589
1.792179 -0.000126910
1.793179 -0.000122567
1.794179 -0.000131646
1.795180 -0.000135711
1.796180 -0.000129303
1.797180 -0.000121588
1.798180 -0.000108328
1.799180 -0.000095881
1.800180 -0.000097588
1.801180 -0.000082887
1.802180 -0.000085470
1.803180 -0.000082484
1.804180 -0.000065709
1.805181 -0.000070991
1.806181 -0.000070876
1.807181 -0.000077020
1.808181 -0.000087809
1.809181 -0.000080560
1.810181 -0.000087019
1.811181 -0.000099463
1.812181 -0.000110160
1.813181 -0.000114270
1.814181 -0.000112369
1.815182 -0.000107837
1.816182 -0.000116295
1.817182 -0.000112911
1.818182 -0.000110000
1.819182 -0.000095983
1.820182 -0.000099603
1.821182 -0.000089733
1.822182 -0.000070942
1.823182 -0.000067684
1.824182 -0.000076412
1.825183 -0.000073329
1.826183 -0.000068105
1.827183 -0.000076028
1.828183 -0.000080388
1.829183 -0.000088938
1.830183 -0.000090232
1.831183 -0.000102418
1.832183 -0.000114918
1.833183 -0.000121927
1.834183 -0.000125118
1.835184 -0.000117028
1.836184 -0.000121632
1.837184 -0.000120342
1.838184 -0.000111010
1.839184 -0.000113953
1.840184 -0.000088114
1.841184 -0.000098087
1.842184 -0.000085843
1.843184 -0.000092332
1.844184 -0.000073702
1.845185 -0.000089274
1.846185 -0.000071995
1.847185 -0.000088975
1.848185 -0.000091968
1.849185 -0.000098174
1.850185 -0.000106927
1.851185 -0.000120315
1.852185 -0.000132101
1.853185 -0.000126297
1.854185 -0.000133189
1.855186 -0.000142802
1.856186 -0.000134781
1.857186 -0.000137399
1.858186 -0.000135779
1.859186 -0.000129770
1.860186 -0.000120165
1.861186 -0.000112622
1.862186 -0.000114837
1.863186 -0.000105074
1.864186 -0.000106121
1.865187 -0.000109238
1.866187 -0.000110734
1.867187 -0.000113030
1.868187 -0.000119744
1.869187 -0.000121730
1.870187 -0.000130977
1.871187 -0.000128857
1.872187 -0.000147066
1.873187 -0.000153073
1.874187 -0.000147546
1.875188 -0.000155668
1.876188 -0.000148397
1.877188 -0.000144310
1.878188 -0.000136487
1.879188 -0.000144458
1.880188 -0.000121955
1.881188 -0.000121462
1.882188 -0.000108889
1.883188 -0.000111120
1.884188 -0.000104326
1.885189 -0.000103127
1.886189 -0.000095967
1.887189 -0.000105572
1.888189 -0.000109073
1.889189 -0.000109985
1.890189 -0.000129570
1.891189 -0.000136783
1.892189 -0.000138956
1.893189 -0.000146042
1.894189 -0.000145739
1.895190 -0.000141202
1.896190 -0.000143576
1.897190 -0.000136353
1.898190 -0.000126648
1.899190 -0.000117455
1.900190 -0.000109805
1.901190 -0.000104537
1.902190 -0.000094053
1.903190 -0.000103289
1.904190 -0.000090254
1.905191 -0.000094352
1.906191 -0.000094356
1.907191 -0.000088028
1.908191 -0.000093682
1.909191 -0.000108495
1.910191 -0.000106882
1.911191 -0.000124500
1.912191 -0.000129410
1.913191 -0.000137804
1.914191 -0.000123755
1.915192 -0.000136517
1.916192 -0.000130709
1.917192 -0.000130488
1.918192 -0.000131312
1.919192 -0.000115080
1.920192 -0.000112079
1.921192 -0.000100348
1.922192 -0.000097745
1.923192 -0.000097673
1.924192 -0.000093377
1.925193 -0.000088038
1.926193 -0.000086663
1.927193 -0.000095531
1.928193 -0.000098946
1.929193 -0.000114056
1.930193 -0.000110264
1.931193 -0.000122851
1.932193 -0.000123798
1.933193 -0.000140641
1.934193 -0.000131634
1.935194 -0.000142137
1.936194 -0.000134320
1.937194 -0.000131402
1.938194 -0.000134516
1.939194 -0.000112595
1.940194 -0.000122623
1.941194 -0.000112355
1.942194 -0.000105785
1.943194 -0.000092037
1.944194 -0.000088737
1.945195 -0.000096949
1.946195 -0.000094749
1.947195 -0.000093782
1.948195 -0.000106265
1.949195 -0.000122761
1.950195 -0.000129712
1.951195 -0.000135466
1.952195 -0.000138274
1.953195 -0.000148083
1.954195 -0.000149903
1.955196 -0.000156983
1.956196 -0.000152078
1.957196 -0.000154551
1.958196 -0.000134328
1.959196 -0.000145067
1.960196 -0.000119584
1.961196 -0.000113531
1.962196 -0.000127877
1.963196 -0.000116292
1.964196 -0.000108907
1.965197 -0.000109229
1.966197 -0.000107068
1.967197 -0.000106113
1.968197 -0.000113900
1.969197 -0.000126084
1.970197 -0.000132728
1.971197 -0.000148570
1.972197 -0.000136887
1.973197 -0.000156074
1.974197 -0.000164757
1.975198 -0.000159904
1.976198 -0.000158364
1.977198 -0.000160291
1.978198 -0.000150922
1.979198 -0.000135519
1.980198 -0.000138401
1.981198 -0.000140228
1.982198 -0.000121527
1.983198 -0.000117960
1.984198 -0.000098633
1.985199 -0.000116658
1.986199 -0.000113621
1.987199 -0.000107287
1.988199 -0.000108064
1.989199 -0.000128487
1.990199 -0.000137797
1.991199 -0.000140261
1.992199 -0.000140854
1.993199 -0.000149803
1.994199 -0.000158999
1.995200 -0.000149408
1.996200 -0.000150570
1.997200 -0.000147497
1.998200 -0.000139850
1.999200 -0.000135632
2.000200 -0.000130376
2.001200 -0.000130363
2.002200 -0.000119915
2.003200 -0.000111762
2.004200 -0.000109721
2.005201 -0.000110442
2.006201 -0.000101747
2.007201 -0.000109184
2.008201 -0.000117013
2.009201 -0.000122824
2.010201 -0.000132965
2.011201 -0.000135727
2.012201 -0.000145425
2.013201 -0.000148743
2.014201 -0.000146380
2.015202 -0.000143755
2.016202 -0.000162056
2.017202 -0.000151687
2.018202 -0.000145898
2.019202 -0.000130351
2.020202 -0.000121632
2.021202 -0.000122399
2.022202 -0.000120397
2.023202 -0.000105788
2.024202 -0.000103336
2.025203 -0.000106886
2.026203 -0.000104258
2.027203 -0.000095951
2.028203 -0.000105335
2.029203 -0.000121921
2.030203 -0.000126413
2.031203 -0.000133364
2.032203 -0.000145527
2.033203 -0.000146883
2.034203 -0.000165034
2.035204 -0.000164622
2.036204 -0.000159552
2.037204 -0.000153105
2.038204 -0.000140539
2.039204 -0.000130588
2.040204 -0.000122916
2.041204 -0.000123889
2.042204 -0.000110483
2.043204 -0.000109307
2.044204 -0.000111173
2.045205 -0.000102323
2.046205 -0.000104215
2.047205 -0.000119335
2.048205 -0.000118535
2.049205 -0.000131782
2.050205 -0.000133471
2.051205 -0.000158675
2.052205 -0.000166077
2.053205 -0.000149468
2.054205 -0.000170923
2.055206 -0.000173764
2.056206 -0.000170291
2.057206 -0.000163442
2.058206 -0.000149317
2.059206 -0.000147747
2.060206 -0.000123885
2.061206 -0.000134768
2.062206 -0.000118507
2.063206 -0.000116802
2.064206 -0.000125216
2.065207 -0.000122441
2.066207 -0.000124460
2.067207 -0.000120424
2.068207 -0.000135244
2.069207 -0.000138756
2.070207 -0.000144147
2.071207 -0.000147590
2.072207 -0.000163176
2.073207 -0.000169455
2.074207 -0.000173716
2.075208 -0.000166763
2.076208 -0.000176255
2.077208 -0.000176904
2.078208 -0.000160393
2.079208 -0.000154277
2.080208 -0.000142190
2.081208 -0.000146712
2.082208 -0.000132394
2.083208 -0.000125947
2.084208 -0.000121074
2.085209 -0.000115184
2.086209 -0.000127165
2.087209 -0.000122412
2.088209 -0.000137246
2.089209 -0.000136661
2.090209 -0.000145060
2.091209 -0.000159176
2.092209 -0.000157543
2.093209 -0.000168798
2.094209 -0.000164100
2.095210 -0.000167074
2.096210 -0.000162155
2.097210 -0.000165341
2.098210 -0.000158482
2.099210 -0.000144575
2.100210 -0.000137839
2.101210 -0.000131135
2.102210 -0.000124732
2.103210 -0.000124584
2.104210 -0.000118775
2.105211 -0.000112744
2.106211 -0.000113747
2.107211 -0.000114107
2.108211 -0.000116432
2.109211 -0.000126685
2.110211 -0.000139271
2.111211 -0.000141490
2.112211 -0.000141363
2.113211 -0.000150443
2.114211 -0.000158149
2.115212 -0.000154679
2.116212 -0.000162454
2.117212 -0.000160818
2.118212 -0.000145965
2.119212 -0.000135814
2.120212 -0.000125008
2.121212 -0.000123145
2.122212 -0.000117955
2.123212 -0.000119520
2.124212 -0.000107915
2.125213 -0.000112755
2.126213 -0.000116826
2.127213 -0.000113270
2.128213 -0.000126892
2.129213 -0.000120800
2.130213 -0.000131355
2.131213 -0.000143609
2.132213 -0.000153548
2.133213 -0.000162575
2.134213 -0.000160244
2.135214 -0.000154158
2.136214 -0.000148226
2.137214 -0.000157643
2.138214 -0.000147511
2.139214 -0.000140148
2.140214 -0.000136073
2.141214 -0.000130420
2.142214 -0.000121602
2.143214 -0.000120362
2.144214 -0.000108469
2.145215 -0.000115526
2.146215 -0.000110048
2.147215 -0.000122264
2.148215 -0.000132733
2.149215 -0.000141435
2.150215 -0.000144093
2.151215 -0.000157526
2.152215 -0.000147852
2.153215 -0.000161144
2.154215 -0.000166514
2.155216 -0.000168487
2.156216 -0.000162382
2.157216 -0.000166476
2.158216 -0.000167484
2.159216 -0.000156482
2.160216 -0.000150458
2.161216 -0.000145572
2.162216 -0.000132671
2.163216 -0.000125715
2.164216 -0.000127728
2.165217 -0.000124223
2.166217 -0.000118964
2.167217 -0.000126449
2.168217 -0.000131088
2.169217 -0.000147969
2.170217 -0.000149705
2.171217 -0.000146963
2.172217 -0.000158349
2.173217 -0.000162734
2.174217 -0.000170925
2.175218 -0.000171336
2.176218 -0.000169506
2.177218 -0.000166139
2.178218 -0.000155214
2.179218 -0.000155305
2.180218 -0.000143807
2.181218 -0.000139072
2.182218 -0.000133830
2.183218 -0.000123290
2.184218 -0.000119613
2.185219 -0.000115862
2.186219 -0.000124297
2.187219 -0.000128441
2.188219 -0.000135844
2.189219 -0.000143954
2.190219 -0.000152266
2.191219 -0.000154965
2.192219 -0.000154371
2.193219 -0.000161916
2.194219 -0.000171288
2.195220 -0.000175348
2.196220 -0.000168689
2.197220 -0.000163091
2.198220 -0.000137544
2.199220 -0.000151514
2.200220 -0.000133797
2.201220 -0.000138388
2.202220 -0.000133306
2.203220 -0.000117145
2.204220 -0.000113763
2.205221 -0.000110671
2.206221 -0.000110121
2.207221 -0.000114187
2.208221 -0.000123477
2.209221 -0.000134598
2.210221 -0.000135964
2.211221 -0.000146828
2.212221 -0.000152471
2.213221 -0.000161468
2.214221 -0.000158349
2.215222 -0.000149136
2.216222 -0.000157152
2.217222 -0.000154932
2.218222 -0.000151344
2.219222 -0.000150306
2.220222 -0.000129752
2.221222 -0.000127817
2.222222 -0.000117050
2.223222 -0.000117357
2.224222 -0.000108589
2.225223 -0.000102690
2.226223 -0.000114540
2.227223 -0.000123993
2.228223 -0.000117037
2.229223 -0.000130735
2.230223 -0.000141946
2.231223 -0.000135993
2.232223 -0.000147666
2.233223 -0.000160384
2.234223 -0.000163812
2.235224 -0.000173811
2.236224 -0.000169120
2.237224 -0.000159477
2.238224 -0.000146932
2.239224 -0.000148627
2.240224 -0.000137250
2.241224 -0.000121577
2.242224 -0.000137737
2.243224 -0.000124034
2.244224 -0.000134962
2.245225 -0.000120403
2.246225 -0.000118834
2.247225 -0.000114533
2.248225 -0.000120277
2.249225 -0.000131331
2.250225 -0.000139529
2.251225 -0.000149060
2.252225 -0.000149685
2.253225 -0.000147654
2.254225 -0.000158604
2.255226 -0.000160342
2.256226 -0.000159279
2.257226 -0.000158045
2.258226 -0.000161327
2.259226 -0.000156231
2.260226 -0.000142154
2.261226 -0.000129386
2.262226 -0.000134147
2.263226 -0.000122133
2.264226 -0.000124681
2.265227 -0.000117700
2.266227 -0.000128525
2.267227 -0.000122551
2.268227 -0.000130673
2.269227 -0.000146941
2.270227 -0.000147775
2.271227 -0.000147843
2.272227 -0.000157047
2.273227 -0.000168920
2.274227 -0.000169717
2.275228 -0.000169272
2.276228 -0.000165960
2.277228 -0.000166105
2.278228 -0.000158819
2.279228 -0.000135515
2.280228 -0.000152215
2.281228 -0.000148639
2.282228 -0.000140017
2.283228 -0.000119227
2.284228 -0.000125425
2.285229 -0.000139288
2.286229 -0.000117820
2.287229 -0.000139245
2.288229 -0.000139012
2.289229 -0.000132917
2.290229 -0.000149357
2.291229 -0.000146377
2.292229 -0.000153789
2.293229 -0.000165120
2.294229 -0.000164280
2.295230 -0.000164539
2.296230 -0.000172234
2.297230 -0.000160852
2.298230 -0.000151517
2.299230 -0.000135125
2.300230 -0.000138254
2.301230 -0.000117938
2.302230 -0.000125724
2.303230 -0.000108347
2.304230 -0.000113440
2.305231 -0.000099615
2.306231 -0.000111418
2.307231 -0.000118787
2.308231 -0.000110492
2.309231 -0.000133700
2.310231 -0.000144184
2.311231 -0.000149924
2.312231 -0.000157512
2.313231 -0.000154133
2.314231 -0.000166832
2.315232 -0.000158946
2.316232 -0.000164161
2.317232 -0.000151838
2.318232 -0.000147994
2.319232 -0.000145519
2.320232 -0.000128789
2.321232 -0.000129790
2.322232 -0.000120416
2.323232 -0.000111274
2.324232 -0.000112834
2.325233 -0.000113887
2.326233 -0.000110769
2.327233 -0.000116240
2.328233 -0.000121924
2.329233 -0.000120378
2.330233 -0.000126798
2.331233 -0.000143809
2.332233 -0.000153874
2.333233 -0.000163197
2.334233 -0.000164551
2.335234 -0.000161709
2.336234 -0.000168420
2.337234 -0.000160423
2.338234 -0.000147761
2.339234 -0.000132121
2.340234 -0.000145975
2.341234 -0.000135554
2.342234 -0.000123597
2.343234 -0.000116592
2.344234 -0.000120122
2.345235 -0.000110175
2.346235 -0.000121693
2.347235 -0.000117394
2.348235 -0.000122837
2.349235 -0.000140179
2.350235 -0.000162316
2.351235 -0.000151720
2.352235 -0.000157743
2.353235 -0.000167511
2.354235 -0.000157076
2.355236 -0.000164857
2.356236 -0.000151628
2.357236 -0.000161380
2.358236 -0.000148402
2.359236 -0.000141164
2.360236 -0.000138862
2.361236 -0.000131134
2.362236 -0.000121075
2.363236 -0.000108802
2.364236 -0.000113615
2.365237 -0.000105761
2.366237 -0.000118742
2.367237 -0.000121597
2.368237 -0.000121003
2.369237 -0.000130966
2.370237 -0.000133687
2.371237 -0.000150487
2.372237 -0.000150906
2.373237 -0.000167253
2.374237 -0.000174639
2.375238 -0.000155133
2.376238 -0.000159869
2.377238 -0.000156878
2.378238 -0.000156725
2.379238 -0.000149076
2.380238 -0.000138811
2.381238 -0.000123747
2.382238 -0.000122758
2.383238 -0.000106834
2.384238 -0.000116765
2.385239 -0.000112985
2.386239 -0.000113317
2.387239 -0.000106652
2.388239 -0.000121087
2.389239 -0.000135193
2.390239 -0.000122510
2.391239 -0.000150835
2.392239 -0.000156441
2.393239 -0.000161703
2.394239 -0.000153611
2.395240 -0.000152907
2.396240 -0.000153154
2.397240 -0.000156225
2.398240 -0.000143108
2.399240 -0.000137060
2.400240 -0.000133840
2.401240 -0.000122212
2.402240 -0.000113897
2.403240 -0.000110434
2.404240 -0.000110300
2.405241 -0.000099497
2.406241 -0.000103457
2.407241 -0.000114414
2.408241 -0.000112929
2.409241 -0.000125691
2.410241 -0.000133391
2.411241 -0.000138266
2.412241 -0.000144148
2.413241 -0.000150989
2.414241 -0.000150010
2.415242 -0.000159537
2.416242 -0.000151594
2.417242 -0.000154505
2.418242 -0.000144140
2.419242 -0.000135057
2.420242 -0.000134707
2.421242 -0.000120864
2.422242 -0.000114204
2.423242 -0.000107070
2.424242 -0.000104964
2.425243 -0.000108084
2.426243 -0.000105294
2.427243 -0.000106179
2.428243 -0.000116870
2.429243 -0.000131143
2.430243 -0.000128779
2.431243 -0.000132634
2.432243 -0.000129699
2.433243 -0.000149116
2.434243 -0.000151268
2.435244 -0.000148622
2.436244 -0.000148292
2.437244 -0.000144359
2.438244 -0.000139741
2.439244 -0.000139754
2.440244 -0.000116176
2.441244 -0.000122013
2.442244 -0.000108202
2.443244 -0.000110065
2.444244 -0.000115280
2.445245 -0.000094725
2.446245 -0.000106027
2.447245 -0.000113354
2.448245 -0.000110819
2.449245 -0.000121262
2.450245 -0.000136535
2.451245 -0.000133339
2.452245 -0.000142697
2.453245 -0.000157518
2.454245 -0.000151638
2.455246 -0.000152581
2.456246 -0.000146611
2.457246 -0.000148059
2.458246 -0.000145693
2.459246 -0.000139639
2.460246 -0.000140256
2.461246 -0.000123744
2.462246 -0.000110808
2.463246 -0.000101674
2.464246 -0.000107113
2.465247 -0.000100389
2.466247 -0.000102788
2.467247 -0.000111341
2.468247 -0.000111102
2.469247 -0.000113533
2.470247 -0.000131025
2.471247 -0.000137313
2.472247 -0.000139831
2.473247 -0.000151002
2.474247 -0.000143712
2.475248 -0.000151433
2.476248 -0.000141330
2.477248 -0.000142330
2.478248 -0.000131631
2.479248 -0.000124331
2.480248 -0.000111881
2.481248 -0.000101185
2.482248 -0.000102016
2.483248 -0.000099207
2.484248 -0.000093837
2.485249 -0.000097308
2.486249 -0.000107306
2.487249 -0.000112136
2.488249 -0.000120399
2.489249 -0.000118439
2.490249 -0.000127825
2.491249 -0.000125911
2.492249 -0.000138389
2.493249 -0.000147927
2.494249 -0.000140281
2.495250 -0.000140405
2.496250 -0.000149329
2.497250 -0.000147144
2.498250 -0.000144264
2.499250 -0.000130536
2.500250 -0.000127908
2.501250 -0.000114581
2.502250 -0.000099522
2.503250 -0.000095499
2.504250 -0.000105862
2.505251 -0.000092333
2.506251 -0.000096761
2.507251 -0.000106036
2.508251 -0.000095370
2.509251 -0.000111346
2.510251 -0.000129007
2.511251 -0.000133500
2.512251 -0.000147479
2.513251 -0.000146347
2.514251 -0.000151901
2.515252 -0.000151436
2.516252 -0.000141478
2.517252 -0.000137027
2.518252 -0.000132611
2.519252 -0.000135067
2.520252 -0.000124338
2.521252 -0.000114576
2.522252 -0.000104529
2.523252 -0.000096403
2.524252 -0.000093058
2.525253 -0.000105866
2.526253 -0.000100253
2.527253 -0.000115656
2.528253 -0.000113263
2.529253 -0.000111867
2.530253 -0.000129749
2.531253 -0.000141980
2.532253 -0.000142902
2.533253 -0.000144569
2.534253 -0.000147243
2.535254 -0.000138598
2.536254 -0.000146773
2.537254 -0.000131141
2.538254 -0.000126547
2.539254 -0.000131464
2.540254 -0.000112756
2.541254 -0.000104371
2.542254 -0.000113547
2.543254 -0.000095741
2.544254 -0.000102085
2.545255 -0.000087075
2.546255 -0.000106794
2.547255 -0.000108218
2.548255 -0.000108833
2.549255 -0.000105414
2.550255 -0.000116045
2.551255 -0.000131850
2.552255 -0.000127203
2.553255 -0.000147309
2.554255 -0.000148971
2.555256 -0.000150566
2.556256 -0.000136505
2.557256 -0.000141034
2.558256 -0.000122106
2.559256 -0.000122799
2.560256 -0.000109203
2.561256 -0.000111619
2.562256 -0.000104861
2.563256 -0.000099908
2.564256 -0.000091293
2.565257 -0.000083836
2.566257 -0.000090250
2.567257 -0.000091789
2.568257 -0.000097590
2.569257 -0.000108979
2.570257 -0.000119344
2.571257 -0.000120993
2.572257 -0.000132800
2.573257 -0.000129289
2.574257 -0.000141024
2.575258 -0.000143752
2.576258 -0.000138320
2.577258 -0.000141421
2.578258 -0.000113159
2.579258 -0.000118064
2.580258 -0.000108548
2.581258 -0.000102539
2.582258 -0.000101117
2.583258 -0.000097761
2.584258 -0.000085028
2.585259 -0.000088079
2.586259 -0.000086512
2.587259 -0.000100167
2.588259 -0.000095250
2.589259 -0.000101206
2.590259 -0.000118556
2.591259 -0.000120960
2.592259 -0.000128881
2.593259 -0.000127761
2.594259 -0.000123953
2.595260 -0.000121259
2.596260 -0.000129053
2.597260 -0.000120015
2.598260 -0.000118764
2.599260 -0.000108671
2.600260 -0.000107202
2.601260 -0.000094539
2.602260 -0.000094978
2.603260 -0.000094763
2.604260 -0.000092715
2.605261 -0.000085904
2.606261 -0.000085831
2.607261 -0.000098817
2.608261 -0.000103005
2.609261 -0.000101308
2.610261 -0.000110784
2.611261 -0.000109473
2.612261 -0.000117841
2.613261 -0.000130480
2.614261 -0.000133409
2.615262 -0.000126835
2.616262 -0.000129617
2.617262 -0.000125855
2.618262 -0.000118909
2.619262 -0.000109047
2.620262 -0.000108236
2.621262 -0.000105107
2.622262 -0.000094181
2.623262 -0.000083434
2.624262 -0.000089947
2.625263 -0.000082258
2.626263 -0.000085757
2.627263 -0.000092499
2.628263 -0.000097399
2.629263 -0.000094059
2.630263 -0.000106723
2.631263 -0.000113726
2.632263 -0.000119526
2.633263 -0.000135471
2.634263 -0.000122230
2.635264 -0.000131778
2.636264 -0.000120974
2.637264 -0.000121250
2.638264 -0.000112714
2.639264 -0.000107511
2.640264 -0.000099194
2.641264 -0.000089730
2.642264 -0.000080511
2.643264 -0.000075377
2.644264 -0.000077139
2.645265 -0.000077015
2.646265 -0.000077199
2.647265 -0.000078456
2.648265 -0.000083954
2.649265 -0.000096995
2.650265 -0.000099882
2.651265 -0.000106725
2.652265 -0.000107647
2.653265 -0.000122016
2.654265 -0.000124700
2.655266 -0.000118660
2.656266 -0.000114738
2.657266 -0.000112694
2.658266 -0.000109391
2.659266 -0.000099862
2.660266 -0.000090889
2.661266 -0.000089597
2.662266 -0.000085419
2.663266 -0.000084179
2.664266 -0.000067118
2.665267 -0.000065615
2.666267 -0.000077247
2.667267 -0.000081367
2.668267 -0.000083533
2.669267 -0.000088132
2.670267 -0.000097125
2.671267 -0.000108111
2.672267 -0.000119400
2.673267 -0.000118747
2.674267 -0.000110405
2.675268 -0.000114364
2.676268 -0.000106039
2.677268 -0.000110268
2.678268 -0.000104548
2.679268 -0.000102804
2.680268 -0.000092076
2.681268 -0.000074874
2.682268 -0.000078198
2.683268 -0.000064625
2.684268 -0.000063539
2.685269 -0.000062764
2.686269 -0.000056747
2.687269 -0.000078355
2.688269 -0.000067650
2.689269 -0.000085629
2.690269 -0.000089698
2.691269 -0.000100070
2.692269 -0.000091947
2.693269 -0.000097858
2.694269 -0.000110993
2.695270 -0.000119619
2.696270 -0.000106895
2.697270 -0.000112425
2.698270 -0.000107298
2.699270 -0.000086813
2.700270 -0.000096167
2.701270 -0.000076795
2.702270 -0.000060703
2.703270 -0.000075878
2.704270 -0.000067533
2.705271 -0.000066798
2.706271 -0.000065671
2.707271 -0.000074827
2.708271 -0.000073980
2.709271 -0.000079955
2.710271 -0.000091027
2.711271 -0.000106620
2.712271 -0.000099576
2.713271 -0.000114542
2.714271 -0.000111661
2.715272 -0.000115520
2.716272 -0.000111018
2.717272 -0.000102063
2.718272 -0.000109912
2.719272 -0.000098117
2.720272 -0.000087839
2.721272 -0.000079579
2.722272 -0.000073687
2.723272 -0.000073366
2.724272 -0.000060792
2.725273 -0.000058652
2.726273 -0.000075276
2.727273 -0.000065730
2.728273 -0.000073061
2.729273 -0.000082036
2.730273 -0.000087609
2.731273 -0.000106349
2.732273 -0.000110313
2.733273 -0.000102819
2.734273 -0.000116931
2.735274 -0.000111379
2.736274 -0.000105267
2.737274 -0.000101723
2.738274 -0.000108306
2.739274 -0.000093934
2.740274 -0.000089869
2.741274 -0.000075532
2.742274 -0.000067156
2.743274 -0.000060890
2.744274 -0.000060688
2.745275 -0.000067512
2.746275 -0.000063543
2.747275 -0.000062613
2.748275 -0.000067797
2.749275 -0.000085621
2.750275 -0.000089001
2.751275 -0.000099080
2.752275 -0.000092194
2.753275 -0.000101762
2.754275 -0.000106899
2.755276 -0.000101866
2.756276 -0.000094523
2.757276 -0.000090306
2.758276 -0.000093550
2.759276 -0.000072262
2.760276 -0.000066662
2.761276 -0.000059598
2.762276 -0.000057765
2.763276 -0.000042016
2.764276 -0.000045976
2.765277 -0.000052396
2.766277 -0.000054134
2.767277 -0.000062157
2.768277 -0.000055728
2.769277 -0.000065057
2.770277 -0.000075560
2.771277 -0.000087441
2.772277 -0.000085172
2.773277 -0.000094845
2.774277 -0.000096968
2.775278 -0.000101017
2.776278 -0.000089846
2.777278 -0.000084423
2.778278 -0.000082576
2.779278 -0.000075689
2.780278 -0.000059510
2.781278 -0.000052708
2.782278 -0.000047753
2.783278 -0.000042879
2.784278 -0.000033973
2.785279 -0.000035589
2.786279 -0.000035022
2.787279 -0.000050376
2.788279 -0.000056119
2.789279 -0.000062806
2.790279 -0.000057074
2.791279 -0.000080874
2.792279 -0.000080265
2.793279 -0.000082572
2.794279 -0.000081587
2.795280 -0.000102249
2.796280 -0.000096704
2.797280 -0.000086282
2.798280 -0.000083503
2.799280 -0.000074665
2.800280 -0.000071866
2.801280 -0.000049779
2.802280 -0.000048462
2.803280 -0.000044302
2.804280 -0.000032547
2.805281 -0.000035405
2.806281 -0.000049335
2.807281 -0.000048367
2.808281 -0.000058923
2.809281 -0.000067993
2.810281 -0.000074244
2.811281 -0.000078005
2.812281 -0.000083073
2.813281 -0.000094781
2.814281 -0.000094215
2.815282 -0.000096900
2.816282 -0.000087595
2.817282 -0.000086282
2.818282 -0.000084686
2.819282 -0.000077977
2.820282 -0.000070995
2.821282 -0.000065084
2.822282 -0.000049312
2.823282 -0.000046886
2.824282 -0.000052451
2.825283 -0.000044382
2.826283 -0.000043134
2.827283 -0.000054497
2.828283 -0.000052193
2.829283 -0.000053993
2.830283 -0.000068880
2.831283 -0.000079032
2.832283 -0.000082396
2.833283 -0.000081851
2.834283 -0.000087752
2.835284 -0.000091050
2.836284 -0.000083886
2.837284 -0.000083215
2.838284 -0.000078070
2.839284 -0.000064131
2.840284 -0.000067390
2.841284 -0.000059060
2.842284 -0.000057091
2.843284 -0.000034578
2.844284 -0.000049885
2.845285 -0.000030678
2.846285 -0.000034375
2.847285 -0.000034316
2.848285 -0.000057567
2.849285 -0.000054465
2.850285 -0.000055467
2.851285 -0.000067226
2.852285 -0.000077337
2.853285 -0.000075002
2.854285 -0.000078517
2.855286 -0.000082095
2.856286 -0.000071578
2.857286 -0.000073812
2.858286 -0.000066075
2.859286 -0.000045283
2.860286 -0.000048668
2.861286 -0.000038576
2.862286 -0.000027675
2.863286 -0.000030700
2.864286 -0.000020522
2.865287 -0.000011129
2.866287 -0.000020239
2.867287 -0.000027423
2.868287 -0.000029216
2.869287 -0.000035099
2.870287 -0.000046164
2.871287 -0.000045857
2.872287 -0.000060659
2.873287 -0.000056483
2.874287 -0.000059492
2.875288 -0.000057248
2.876288 -0.000060647
2.877288 -0.000057583
2.878288 -0.000052430
2.879288 -0.000042906
2.880288 -0.000037394
2.881288 -0.000030309
2.882288 -0.000019313
2.883288 -0.000018825
2.884288 -0.000009416
2.885289 -0.000012103
2.886289 -0.000004814
2.887289 -0.000020182
2.888289 -0.000027631
2.889289 -0.000041337
2.890289 -0.000045829
2.891289 -0.000055883
2.892289 -0.000057321
2.893289 -0.000059856
2.894289 -0.000068124
2.895290 -0.000067222
2.896290 -0.000063889
2.897290 -0.000058663
2.898290 -0.000056171
2.899290 -0.000047126
2.900290 -0.000043273
2.901290 -0.000035190
2.902290 -0.000035503
2.903290 -0.000022144
2.904290 -0.000018487
2.905291 -0.000013532
2.906291 -0.000025505
2.907291 -0.000026242
2.908291 -0.000035523
2.909291 -0.000036933
2.910291 -0.000039647
2.911291 -0.000061242
2.912291 -0.000054589
2.913291 -0.000066913
2.914291 -0.000061872
2.915292 -0.000073346
2.916292 -0.000071404
2.917292 -0.000067420
2.918292 -0.000057637
2.919292 -0.000043232
2.920292 -0.000052640
2.921292 -0.000033355
2.922292 -0.000018195
2.923292 -0.000022162
2.924292 -0.000022999
2.925293 -0.000012661
2.926293 -0.000018015
2.927293 -0.000024572
2.928293 -0.000039752
2.929293 -0.000055103
2.930293 -0.000050278
2.931293 -0.000060050
2.932293 -0.000063540
2.933293 -0.000071281
2.934293 -0.000068330
2.935294 -0.000060002
2.936294 -0.000069484
2.937294 -0.000058803
2.938294 -0.000053408
2.939294 -0.000040056
2.940294 -0.000036519
2.941294 -0.000023266
2.942294 -0.000020323
2.943294 -0.000020335
2.944294 -0.000011032
2.945295 -0.000005022
2.946295 -0.000013778
2.947295 -0.000014263
2.948295 -0.000017741
2.949295 -0.000026355
2.950295 -0.000037530
2.951295 -0.000031350
2.952295 -0.000047152
2.953295 -0.000041473
2.954295 -0.000053441
2.955296 -0.000049073
2.956296 -0.000048410
2.957296 -0.000045377
2.958296 -0.000039275
2.959296 -0.000032851
2.960296 -0.000025749
2.961296 -0.000019688
2.962296 -0.000008199
2.963296 -0.000003959
2.964296 -0.000005296
2.965297 -0.000005618
2.966297 0.000004399
2.967297 0.000000093
2.968297 -0.000009020
2.969297 -0.000018976
2.970297 -0.000022965
2.971297 -0.000037132
2.972297 -0.000058506
2.973297 -0.000048581
2.974297 -0.000043789
2.975298 -0.000045603
2.976298 -0.000044939
2.977298 -0.000039369
2.978298 -0.000030999
2.979298 -0.000032651
2.980298 -0.000017937
2.981298 -0.000003436
2.982298 -0.000005578
2.983298 0.000007390
2.984298 0.000007815
2.985299 0.000009884
2.986299 0.000009763
2.987299 0.000010778
2.988299 0.000013807
2.989299 -0.000007107
2.990299 -0.000009974
2.991299 -0.000022302
2.992299 -0.000033127
2.993299 -0.000040019
2.994299 -0.000041528
2.995300 -0.000041257
2.996300 -0.000039088
2.997300 -0.000026818
2.998300 -0.000029585
2.999300 -0.000033525
3.000300 -0.000023102
3.001300 -0.000010584
3.002300 0.000000077
3.003300 0.000001205
3.004300 0.000011362
3.005301 -0.000005410
3.006301 -0.000004497
3.007301 0.000001599
3.008301 -0.000008168
3.009301 -0.000020039
3.010301 -0.000030404
3.011301 -0.000038338
3.012301 -0.000032619
3.013301 -0.000037605
3.014301 -0.000031059
3.015302 -0.000057003
3.016302 -0.000052104
3.017302 -0.000044775
3.018302 -0.000033395
3.019302 -0.000020734
3.020302 -0.000019818
3.021302 -0.000012729
3.022302 -0.000014820
3.023302 0.000010106
3.024302 -0.000000273
3.025303 -0.000001066
3.026303 -0.000005217
3.027303 -0.000007700
3.028303 -0.000011624
3.029303 -0.000018061
3.030303 -0.000022432
3.031303 -0.000030771
3.032303 -0.000032241
3.033303 -0.000043724
3.034303 -0.000051418
3.035304 -0.000030813
3.036304 -0.000049286
3.037304 -0.000038737
3.038304 -0.000021646
3.039304 -0.000022755
3.040304 -0.000015192
3.041304 0.000001981
3.042304 -0.000000018
3.043304 0.000011466
3.044304 0.000016071
3.045305 0.000013966
3.046305 0.000020586
3.047305 0.000016751
3.048305 0.000017787
3.049305 0.000000420
3.050305 0.000008759
3.051305 -0.000007563
3.052305 -0.000020822
3.053305 -0.000012485
3.054305 -0.000019808
3.055306 -0.000023556
3.056306 -0.000013410
3.057306 -0.000017962
3.058306 -0.000012347
3.059306 -0.000003270
3.060306 0.000012159
3.061306 0.000017010
3.062306 0.000039433
3.063306 0.000025683
3.064306 0.000031431
3.065307 0.000044064
3.066307 0.000036981
3.067307 0.000038199
3.068307 0.000022349
3.069307 0.000018308
3.070307 0.000015780
3.071307 0.000011773
3.072307 0.000001266
3.073307 -0.000010425
3.074307 -0.000012069
3.075308 -0.000007495
3.076308 0.000001560
3.077308 0.000007668
3.078308 0.000010195
3.079308 0.000013582
3.080308 0.000020811
3.081308 0.000025444
3.082308 0.000031379
3.083308 0.000043669
3.084308 0.000047401
3.085309 0.000039889
3.086309 0.000039561
3.087309 0.000036545
3.088309 0.000020459
3.089309 0.000015812
3.090309 0.000015968
3.091309 0.000013402
3.092309 -0.000012507
3.093309 -0.000005913
3.094309 -0.000004735
3.095310 -0.000016663
3.096310 -0.000003316
3.097310 -0.000000208
3.098310 -0.000000071
3.099310 0.000008057
3.100310 0.000006935
3.101310 0.000013073
3.102310 0.000024316
3.103310 0.000030094
3.104310 0.000030959
3.105311 0.000026276
3.106311 0.000032993
3.107311 0.000024069
3.108311 0.000019234
3.109311 0.000017491
3.110311 -0.000016098
3.111311 -0.000005255
3.112311 -0.000010540
3.113311 -0.000017278
3.114311 -0.000017269
3.115312 -0.000020979
3.116312 -0.000021490
3.117312 -0.000005668
3.118312 0.000003012
3.119312 0.000003214
3.120312 0.000019460
3.121312 0.000013210
3.122312 0.000018593
3.123312 0.000039318
3.124312 0.000035351
3.125313 0.000027255
3.126313 0.000031024
3.127313 0.000040502
3.128313 0.000020220
3.129313 0.000023803
3.130313 0.000003793
3.131313 0.000000760
3.132313 -0.000009283
3.133313 -0.000015133
3.134313 -0.000014549
3.135314 -0.000008190
3.136314 -0.000008778
3.137314 -0.000004207
3.138314 -0.000003893
3.139314 0.000006044
3.140314 0.000019579
3.141314 0.000020074
3.142314 0.000041982
3.143314 0.000039905
3.144314 0.000042495
3.145315 0.000041246
3.146315 0.000042843
3.147315 0.000034166
3.148315 0.000043582
3.149315 0.000022934
3.150315 0.000014610
3.151315 0.000008766
3.152315 0.000004219
3.153315 0.000000868
3.154315 0.000005215
3.155316 -0.000000233
3.156316 0.000001594
3.157316 0.000002655
3.158316 0.000014421
3.159316 0.000029167
3.160316 0.000039852
3.161316 0.000051844
3.162316 0.000055947
3.163316 0.000051954
3.164316 0.000061583
3.165317 0.000061897
3.166317 0.000059188
3.167317 0.000064613
3.168317 0.000056287
3.169317 0.000050310
3.170317 0.000041295
3.171317 0.000027547
3.172317 0.000032723
3.173317 0.000029474
3.174317 0.000018024
3.175318 0.000024350
3.176318 0.000033384
3.177318 0.000031229
3.178318 0.000028308
3.179318 0.000045772
3.180318 0.000052135
3.181318 0.000060414
3.182318 0.000063367
3.183318 0.000066938
3.184318 0.000073417
3.185319 0.000081542
3.186319 0.000060585
3.187319 0.000055363
3.188319 0.000049100
3.189319 0.000034331
3.190319 0.000037814
3.191319 0.000037819
3.192319 0.000028265
3.193319 0.000024432
3.194319 0.000023398
3.195320 0.000020649
3.196320 0.000025558
3.197320 0.000016283
3.198320 0.000029302
3.199320 0.000043609
3.200320 0.000043228
3.201320 0.000046766
3.202320 0.000058090
3.203320 0.000065543
3.204320 0.000072400
3.205321 0.000069896
3.206321 0.000058964
3.207321 0.000058529
3.208321 0.000056920
3.209321 0.000044223
3.210321 0.000026227
3.211321 0.000027896
3.212321 0.000019811
3.213321 0.000014914
3.214321 0.000015532
3.215322 0.000012427
3.216322 0.000010106
3.217322 0.000020334
3.218322 0.000021156
3.219322 0.000026647
3.220322 0.000039688
3.221322 0.000039001
3.222322 0.000057598
3.223322 0.000061145
3.224322 0.000048193
3.225323 0.000055713
3.226323 0.000048493
3.227323 0.000042383
3.228323 0.000045078
3.229323 0.000035193
3.230323 0.000029535
3.231323 0.000022193
3.232323 0.000019915
3.233323 0.000020953
3.234323 0.000016318
3.235324 0.000012558
3.236324 0.000027093
3.237324 0.000024261
3.238324 0.000024419
3.239324 0.000042482
3.240324 0.000035022
3.241324 0.000051564
3.242324 0.000061387
3.243324 0.000073464
3.244324 0.000076090
3.245325 0.000078835
3.246325 0.000076331
3.247325 0.000065139
3.248325 0.000053065
3.249325 0.000062878
3.250325 0.000056014
3.251325 0.000044340
3.252325 0.000035020
3.253325 0.000033840
3.254325 0.000019152
3.255326 0.000034576
3.256326 0.000036185
3.257326 0.000041368
3.258326 0.000047066
3.259326 0.000063170
3.260326 0.000067949
3.261326 0.000075745
3.262326 0.000077514
3.263326 0.000089547
3.264326 0.000087949
3.265327 0.000092050
3.266327 0.000083213
3.267327 0.000086376
3.268327 0.000076335
3.269327 0.000075426
3.270327 0.000061277
3.271327 0.000062101
3.272327 0.000051162
3.273327 0.000052987
3.274327 0.000054834
3.275328 0.000053857
3.276328 0.000046899
3.277328 0.000051300
3.278328 0.000063860
3.279328 0.000078536
3.280328 0.000080974
3.281328 0.000088347
3.282328 0.000082266
3.283328 0.000090326
3.284328 0.000100821
3.285329 0.000098672
3.286329 0.000098707
3.287329 0.000094248
3.288329 0.000085608
3.289329 0.000078107
3.290329 0.000075593
3.291329 0.000073549
3.292329 0.000063167
3.293329 0.000055067
3.294329 0.000052319
3.295330 0.000040430
3.296330 0.000051264
3.297330 0.000049534
3.298330 0.000059016
3.299330 0.000064262
3.300330 0.000069964
3.301330 0.000071223
3.302330 0.000091687
3.303330 0.000081300
3.304330 0.000086802
3.305331 0.000099242
3.306331 0.000092592
3.307331 0.000085028
3.308331 0.000082349
3.309331 0.000069958
3.310331 0.000055254
3.311331 0.000052935
3.312331 0.000044551
3.313331 0.000033942
3.314331 0.000042296
3.315332 0.000015718
3.316332 0.000034792
3.317332 0.000036098
3.318332 0.000040755
3.319332 0.000046005
3.320332 0.000055899
3.321332 0.000068569
3.322332 0.000075315
3.323332 0.000082938
3.324332 0.000077221
3.325333 0.000077909
3.326333 0.000080063
3.327333 0.000088765
3.328333 0.000065843
3.329333 0.000059796
3.330333 0.000059305
3.331333 0.000047432
3.332333 0.000040521
3.333333 0.000040175
3.334333 0.000039978
3.335334 0.000035254
3.336334 0.000035799
3.337334 0.000058809
3.338334 0.000062323
3.339334 0.000061024
3.340334 0.000070660
3.341334 0.000081271
3.342334 0.000095200
3.343334 0.000096130
3.344334 0.000087579
3.345335 0.000091874
3.346335 0.000099158
3.347335 0.000104381
3.348335 0.000086956
3.349335 0.000085263
3.350335 0.000071865
3.351335 0.000066390
3.352335 0.000057761
3.353335 0.000058200
3.354335 0.000053964
3.355336 0.000062094
3.356336 0.000059273
3.357336 0.000067261
3.358336 0.000069874
3.359336 0.000079413
3.360336 0.000094564
3.361336 0.000097459
3.362336 0.000108088
3.363336 0.000114093
3.364336 0.000118704
3.365337 0.000121119
3.366337 0.000110957
3.367337 0.000112386
3.368337 0.000113564
3.369337 0.000099218
3.370337 0.000094216
3.371337 0.000087746
3.372337 0.000068951
3.373337 0.000072564
3.374337 0.000071190
3.375338 0.000066628
3.376338 0.000072232
3.377338 0.000084319
3.378338 0.000093473
3.379338 0.000095311
3.380338 0.000112126
3.381338 0.000108141
3.382338 0.000103934
3.383338 0.000119091
3.384338 0.000121541
3.385339 0.000132097
3.386339 0.000112937
3.387339 0.000104920
3.388339 0.000092386
3.389339 0.000094056
3.390339 0.000085933
3.391339 0.000083819
3.392339 0.000062199
3.393339 0.000064747
3.394339 0.000064980
3.395340 0.000070046
3.396340 0.000068696
3.397340 0.000059402
3.398340 0.000079051
3.399340 0.000074894
3.400340 0.000085410
3.401340 0.000099992
3.402340 0.000100192
3.403340 0.000106381
3.404340 0.000113806
3.405341 0.000099854
3.406341 0.000100944
3.407341 0.000086384
3.408341 0.000087319
3.409341 0.000076961
3.410341 0.000075802
3.411341 0.000080258
3.412341 0.000071264
3.413341 0.000060811
3.414341 0.000056543
3.415342 0.000054484
3.416342 0.000052035
3.417342 0.000062642
3.418342 0.000065411
3.419342 0.000059934
3.420342 0.000082405
3.421342 0.000081811
3.422342 0.000079599
3.423342 0.000092790
3.424342 0.000085505
3.425343 0.000100355
3.426343 0.000104982
3.427343 0.000089712
3.428343 0.000092515
3.429343 0.000087585
3.430343 0.000086032
3.431343 0.000068395
3.432343 0.000067232
3.433343 0.000060019
3.434343 0.000061977
3.435344 0.000056307
3.436344 0.000066456
3.437344 0.000075436
3.438344 0.000081982
3.439344 0.000072192
3.440344 0.000082408
3.441344 0.000092153
3.442344 0.000105863
3.443344 0.000113428
3.444344 0.000111561
3.445345 0.000115585
3.446345 0.000112002
3.447345 0.000100815
3.448345 0.000102862
3.449345 0.000094257
3.450345 0.000089660
3.451345 0.000090006
3.452345 0.000081556
3.453345 0.000073792
3.454345 0.000062899
3.455346 0.000072242
3.456346 0.000080688
3.457346 0.000085830
3.458346 0.000083987
3.459346 0.000091057
3.460346 0.000101725
3.461346 0.000113859
3.462346 0.000120859
3.463346 0.000126169
3.464346 0.000129130
3.465347 0.000130541
3.466347 0.000131728
3.467347 0.000125787
3.468347 0.000120886
3.469347 0.000123229
3.470347 0.000119992
3.471347 0.000105049
3.472347 0.000093418
3.473347 0.000084732
3.474347 0.000077815
3.475348 0.000088839
3.476348 0.000086448
3.477348 0.000101752
3.478348 0.000102444
3.479348 0.000112411
3.480348 0.000124563
3.481348 0.000124632
3.482348 0.000136399
3.483348 0.000135748
3.484348 0.000135477
3.485349 0.000142199
3.486349 0.000136109
3.487349 0.000135248
3.488349 0.000126705
3.489349 0.000112882
3.490349 0.000110665
3.491349 0.000104938
3.492349 0.000099188
3.493349 0.000094116
3.494349 0.000079880
3.495350 0.000077227
3.496350 0.000087127
3.497350 0.000100053
3.498350 0.000091161
3.499350 0.000106491
3.500350 0.000100870
3.501350 0.000115542
3.502350 0.000114550
3.503350 0.000123234
3.504350 0.000137561
3.505351 0.000122809
3.506351 0.000122833
3.507351 0.000123763
3.508351 0.000120832
3.509351 0.000102001
3.510351 0.000092690
3.511351 0.000093864
3.512351 0.000081370
3.513351 0.000080479
3.514351 0.000077645
3.515352 0.000077382
3.516352 0.000087404
3.517352 0.000091404
3.518352 0.000088195
3.519352 0.000097006
3.520352 0.000102652
3.521352 0.000104122
3.522352 0.000108654
3.523352 0.000137037
3.524352 0.000117160
3.525353 0.000129224
3.526353 0.000125182
3.527353 0.000116065
3.528353 0.000113180
3.529353 0.000105928
3.530353 0.000101121
3.531353 0.000084764
3.532353 0.000087794
3.533353 0.000078701
3.534353 0.000074303
3.535354 0.000076713
3.536354 0.000073947
3.537354 0.000086119
3.538354 0.000089784
3.539354 0.000112842
3.540354 0.000118542
3.541354 0.000116561
3.542354 0.000135331
3.543354 0.000137800
3.544354 0.000135459
3.545355 0.000148725
3.546355 0.000139419
3.547355 0.000124929
3.548355 0.000125978
3.549355 0.000113071
3.550355 0.000106077
3.551355 0.000103384
3.552355 0.000093926
3.553355 0.000100893
3.554355 0.000082656
3.555356 0.000096939
3.556356 0.000098112
3.557356 0.000101732
3.558356 0.000115100
3.559356 0.000116868
3.560356 0.000123389
3.561356 0.000130686
3.562356 0.000138778
3.563356 0.000147351
3.564356 0.000152248
3.565357 0.000168428
3.566357 0.000159429
3.567357 0.000146592
3.568357 0.000142926
3.569357 0.000139377
3.570357 0.000123286
3.571357 0.000128136
3.572357 0.000123533
3.573357 0.000109659
3.574357 0.000104856
3.575358 0.000111314
3.576358 0.000117910
3.577358 0.000116981
3.578358 0.000123982
3.579358 0.000128920
3.580358 0.000135740
3.581358 0.000136478
3.582358 0.000139228
3.583358 0.000149454
3.584358 0.000152851
3.585359 0.000159846
3.586359 0.000153540
3.587359 0.000143872
3.588359 0.000151311
3.589359 0.000134551
3.590359 0.000119197
3.591359 0.000122632
3.592359 0.000116305
3.593359 0.000106078
3.594359 0.000094664
3.595360 0.000103155
3.596360 0.000109276
3.597360 0.000113872
3.598360 0.000119230
3.599360 0.000122746
3.600360 0.000126397
3.601360 0.000133859
3.602360 0.000139886
3.603360 0.000144125
3.604360 0.000156857
3.605361 0.000144228
3.606361 0.000138143
3.607361 0.000132451
3.608361 0.000136841
3.609361 0.000121023
3.610361 0.000111149
3.611361 0.000117066
3.612361 0.000102587
3.613361 0.000094734
3.614361 0.000084957
3.615362 0.000088790
3.616362 0.000086372
3.617362 0.000100320
3.618362 0.000106642
3.619362 0.000112207
3.620362 0.000118366
3.621362 0.000126203
3.622362 0.000134191
3.623362 0.000123325
3.624362 0.000128700
3.625363 0.000125035
3.626363 0.000137172
3.627363 0.000139141
3.628363 0.000129009
3.629363 0.000121077
3.630363 0.000107191
3.631363 0.000111365
3.632363 0.000100988
3.633363 0.000100290
3.634363 0.000090362
3.635364 0.000097576
3.636364 0.000093063
3.637364 0.000088172
3.638364 0.000106673
3.639364 0.000110131
3.640364 0.000126281
3.641364 0.000133139
3.642364 0.000128573
3.643364 0.000136032
3.644364 0.000155546
3.645365 0.000152873
3.646365 0.000152528
3.647365 0.000150158
3.648365 0.000138826
3.649365 0.000132554
3.650365 0.000126671
3.651365 0.000123005
3.652365 0.000101895
3.653365 0.000114120
3.654365 0.000107753
3.655366 0.000119139
3.656366 0.000111403
3.657366 0.000122411
3.658366 0.000128235
3.659366 0.000140017
3.660366 0.000145351
3.661366 0.000153024
3.662366 0.000152974
3.663366 0.000174114
3.664366 0.000169238
3.665367 0.000168532
3.666367 0.000167197
3.667367 0.000166472
3.668367 0.000152983
3.669367 0.000142890
3.670367 0.000142700
3.671367 0.000139499
3.672367 0.000119610
3.673367 0.000117799
3.674367 0.000118382
3.675368 0.000119782
3.676368 0.000123774
3.677368 0.000125069
3.678368 0.000143434
3.679368 0.000148865
3.680368 0.000145878
3.681368 0.000157339
3.682368 0.000159220
3.683368 0.000171084
3.684368 0.000166614
3.685369 0.000169102
3.686369 0.000162153
3.687369 0.000158575
3.688369 0.000157368
3.689369 0.000148296
3.690369 0.000134842
3.691369 0.000130285
3.692369 0.000114129
3.693369 0.000116584
3.694369 0.000112929
3.695370 0.000109342
3.696370 0.000113410
3.697370 0.000113258
3.698370 0.000122318
3.699370 0.000115041
3.700370 0.000133698
3.701370 0.000144056
3.702370 0.000144791
3.703370 0.000149515
3.704370 0.000144749
3.705371 0.000149914
3.706371 0.000143347
3.707371 0.000154687
3.708371 0.000138525
3.709371 0.000129053
3.710371 0.000121799
3.711371 0.000123452
3.712371 0.000111990
3.713371 0.000103162
3.714371 0.000102468
3.715372 0.000101009
3.716372 0.000088913
3.717372 0.000101977
3.718372 0.000108287
3.719372 0.000119820
3.720372 0.000118877
3.721372 0.000129994
3.722372 0.000126515
3.723372 0.000146161
3.724372 0.000141299
3.725373 0.000149105
3.726373 0.000146605
3.727373 0.000148689
3.728373 0.000135275
3.729373 0.000142750
3.730373 0.000124575
3.731373 0.000122296
3.732373 0.000108208
3.733373 0.000114002
3.734373 0.000101222
3.735374 0.000108578
3.736374 0.000116304
3.737374 0.000110414
3.738374 0.000123598
3.739374 0.000124309
3.740374 0.000143636
3.741374 0.000141860
3.742374 0.000145145
3.743374 0.000160312
3.744374 0.000155788
3.745375 0.000166376
3.746375 0.000159788
3.747375 0.000151532
3.748375 0.000145246
3.749375 0.000148131
3.750375 0.000142922
3.751375 0.000132132
3.752375 0.000128040
3.753375 0.000128518
3.754375 0.000116036
3.755376 0.000117028
3.756376 0.000123257
3.757376 0.000125267
3.758376 0.000128232
3.759376 0.000145511
3.760376 0.000138964
3.761376 0.000156517
3.762376 0.000166641
3.763376 0.000177773
3.764376 0.000178366
3.765377 0.000180366
3.766377 0.000165482
3.767377 0.000174335
3.768377 0.000173630
3.769377 0.000159023
3.770377 0.000159119
3.771377 0.000146617
3.772377 0.000140161
3.773377 0.000127423
3.774377 0.000133821
3.775378 0.000126209
3.776378 0.000140745
3.777378 0.000135256
3.778378 0.000146467
3.779378 0.000150635
3.780378 0.000156591
3.781378 0.000165844
3.782378 0.000169600
3.783378 0.000173010
3.784378 0.000180543
3.785379 0.000179935
3.786379 0.000176252
3.787379 0.000173845
3.788379 0.000161072
3.789379 0.000166048
3.790379 0.000150892
3.791379 0.000145079
3.792379 0.000135126
3.793379 0.000120692
3.794379 0.000118716
3.795380 0.000114034
3.796380 0.000128191
3.797380 0.000125711
3.798380 0.000140324
3.799380 0.000134549
3.800380 0.000146661
3.801380 0.000163509
3.802380 0.000160217
3.803380 0.000151191
3.804380 0.000161904
3.805381 0.000157402
3.806381 0.000154042
3.807381 0.000145830
3.808381 0.000143691
3.809381 0.000138746
3.810381 0.000150775
3.811381 0.000120185
3.812381 0.000114940
3.813381 0.000113534
3.814381 0.000101144
3.815382 0.000108249
3.816382 0.000098702
3.817382 0.000111013
3.818382 0.000117882
3.819382 0.000120179
3.820382 0.000134652
3.821382 0.000142470
3.822382 0.000146982
3.823382 0.000150745
3.824382 0.000161760
3.825383 0.000149168
3.826383 0.000152076
3.827383 0.000144769
3.828383 0.000141964
3.829383 0.000133010
3.830383 0.000122634
3.831383 0.000117513
3.832383 0.000107234
3.833383 0.000103355
3.834383 0.000102397
3.835384 0.000103616
3.836384 0.000103843
3.837384 0.000107804
3.838384 0.000124578
3.839384 0.000127226
3.840384 0.000142133
3.841384 0.000156013
3.842384 0.000153179
3.843384 0.000159656
3.844384 0.000165648
3.845385 0.000164364
3.846385 0.000164102
3.847385 0.000156812
3.848385 0.000149255
3.849385 0.000152922
3.850385 0.000136970
3.851385 0.000145069
3.852385 0.000114806
3.853385 0.000118162
3.854385 0.000123052
3.855386 0.000122782
3.856386 0.000129673
3.857386 0.000132084
3.858386 0.000151865
3.859386 0.000146998
3.860386 0.000162698
3.861386 0.000161626
3.862386 0.000170767
3.863386 0.000174379
3.864386 0.000179374
3.865387 0.000177104
3.866387 0.000183387
3.867387 0.000176956
3.868387 0.000163450
3.869387 0.000166037
3.870387 0.000157006
3.871387 0.000144288
3.872387 0.000132827
3.873387 0.000138808
3.874387 0.000134365
3.875388 0.000129095
3.876388 0.000132587
3.877388 0.000145563
3.878388 0.000144638
3.879388 0.000155311
3.880388 0.000159843
3.881388 0.000164179
3.882388 0.000179170
3.883388 0.000175910
3.884388 0.000177814
3.885389 0.000174872
3.886389 0.000178649
3.887389 0.000171211
3.888389 0.000174285
3.889389 0.000156014
3.890389 0.000153196
3.891389 0.000143418
3.892389 0.000132730
3.893389 0.000122561
3.894389 0.000126365
3.895390 0.000129476
3.896390 0.000125647
3.897390 0.000130020
3.898390 0.000137883
3.899390 0.000140736
3.900390 0.000142768
3.901390 0.000157353
3.902390 0.000155920
3.903390 0.000161690
3.904390 0.000152450
3.905391 0.000163420
3.906391 0.000157415
3.907391 0.000155093
3.908391 0.000149322
3.909391 0.000127792
3.910391 0.000127853
3.911391 0.000115255
3.912391 0.000117034
3.913391 0.000109639
3.914391 0.000105220
3.915392 0.000107935
3.916392 0.000099067
3.917392 0.000109392
3.918392 0.000107166
3.919392 0.000122682
3.920392 0.000126050
3.921392 0.000136286
3.922392 0.000164376
3.923392 0.000148233
3.924392 0.000156688
3.925393 0.000146774
3.926393 0.000155128
3.927393 0.000151136
3.928393 0.000148924
3.929393 0.000136681
3.930393 0.000125156
3.931393 0.000123321
3.932393 0.000117359
3.933393 0.000109009
3.934393 0.000109884
3.935394 0.000106119
3.936394 0.000107459
3.937394 0.000124786
3.938394 0.000109711
3.939394 0.000139633
3.940394 0.000146276
3.941394 0.000143455
3.942394 0.000162903
3.943394 0.000146759
3.944394 0.000163460
3.945395 0.000161830
3.946395 0.000163812
3.947395 0.000166919
3.948395 0.000169409
3.949395 0.000150615
3.950395 0.000142666
3.951395 0.000137322
3.952395 0.000124993
3.953395 0.000139589
3.954395 0.000120711
3.955396 0.000121643
3.956396 0.000125172
3.957396 0.000135876
3.958396 0.000142553
3.959396 0.000148406
3.960396 0.000151823
3.961396 0.000166375
3.962396 0.000171871
3.963396 0.000181140
3.964396 0.000184996
3.965397 0.000173931
3.966397 0.000177631
3.967397 0.000167799
3.968397 0.000174915
3.969397 0.000166761
3.970397 0.000151910
3.971397 0.000147135
3.972397 0.000133808
3.973397 0.000138361
3.974397 0.000130466
3.975398 0.000132129
3.976398 0.000132968
3.977398 0.000139587
3.978398 0.000148032
3.979398 0.000146387
3.980398 0.000166898
3.981398 0.000155993
3.982398 0.000179460
3.983398 0.000186560
3.984398 0.000185574
3.985399 0.000179608
3.986399 0.000179695
3.987399 0.000167434
3.988399 0.000168731
3.989399 0.000157576
3.990399 0.000147528
3.991399 0.000139741
3.992399 0.000133312
3.993399 0.000127571
3.994399 0.000127230
3.995400 0.000122214
3.996400 0.000127597
3.997400 0.000125364
3.998400 0.000135159
3.999400 0.000135314
4.000400 0.000148818
4.001400 0.000151636
4.002400 0.000168190
4.003400 0.000171939
4.004400 0.000160511
4.005401 0.000166114
4.006401 0.000164247
4.007401 0.000156136
4.008401 0.000151344
4.009401 0.000131067
4.010401 0.000130148
4.011401 0.000114786
4.012401 0.000113308
4.013401 0.000107479
4.014401 0.000102148
4.015402 0.000108968
4.016402 0.000101803
4.017402 0.000108109
4.018402 0.000117913
4.019402 0.000120767
4.020402 0.000140989
4.021402 0.000141474
4.022402 0.000151159
4.023402 0.000152869
4.024402 0.000150665
4.025403 0.000143375
4.026403 0.000145717
4.027403 0.000163930
4.028403 0.000146598
4.029403 0.000140919
4.030403 0.000129628
4.031403 0.000128026
4.032403 0.000122456
4.033403 0.000117232
4.034403 0.000115491
4.035404 0.000108251
4.036404 0.000114327
4.037404 0.000123098
4.038404 0.000120907
4.039404 0.000133595
4.040404 0.000143055
4.041404 0.000148487
4.042404 0.000148763
4.043404 0.000153899
4.044404 0.000160879
4.045405 0.000162478
4.046405 0.000161729
4.047405 0.000176656
4.048405 0.000142172
4.049405 0.000147051
4.050405 0.000136868
4.051405 0.000126458
4.052405 0.000120988
4.053405 0.000128871
4.054405 0.000124207
4.055406 0.000120741
4.056406 0.000122186
4.057406 0.000125151
4.058406 0.000135551
4.059406 0.000149082
4.060406 0.000157480
4.061406 0.000154533
4.062406 0.000163987
4.063406 0.000174318
4.064406 0.000182662
4.065407 0.000182552
4.066407 0.000172768
4.067407 0.000172781
4.068407 0.000164431
4.069407 0.000159617
4.070407 0.000151477
4.071407 0.000142818
4.072407 0.000144829
4.073407 0.000126240
4.074407 0.000116576
4.075408 0.000129586
4.076408 0.000134970
4.077408 0.000140496
4.078408 0.000133244
4.079408 0.000142017
4.080408 0.000144779
4.081408 0.000154108
4.082408 0.000173318
4.083408 0.000161570
4.084408 0.000167441
4.085409 0.000169970
4.086409 0.000175066
4.087409 0.000165458
4.088409 0.000163612
4.089409 0.000159509
4.090409 0.000146900
4.091409 0.000130116
4.092409 0.000117648
4.093409 0.000123323
4.094409 0.000121429
4.095410 0.000119363
4.096410 0.000120186
4.097410 0.000114316
4.098410 0.000131626
4.099410 0.000133795
4.100410 0.000138455
4.101410 0.000147437
4.102410 0.000153897
4.103410 0.000157574
4.104410 0.000158013
4.105411 0.000163319
4.106411 0.000152245
4.107411 0.000138643
4.108411 0.000132611
4.109411 0.000131442
4.110411 0.000124466
4.111411 0.000117789
4.112411 0.000104214
4.113411 0.000095596
4.114411 0.000099459
4.115412 0.000103028
4.116412 0.000098944
4.117412 0.000101854
4.118412 0.000114841
4.119412 0.000120202
4.120412 0.000124664
4.121412 0.000127025
4.122412 0.000140035
4.123412 0.000136437
4.124412 0.000144524
4.125413 0.000146824
4.126413 0.000153522
4.127413 0.000132711
4.128413 0.000123037
4.129413 0.000124067
4.130413 0.000118503
4.131413 0.000111028
4.132413 0.000109940
4.133413 0.000099918
4.134413 0.000094162
4.135414 0.000093910
4.136414 0.000095590
4.137414 0.000114388
4.138414 0.000110408
4.139414 0.000117382
4.140414 0.000129857
4.141414 0.000137337
4.142414 0.000149462
4.143414 0.000145914
4.144414 0.000154847
4.145415 0.000157546
4.146415 0.000170799
4.147415 0.000151307
4.148415 0.000135729
4.149415 0.000137037
4.150415 0.000127508
4.151415 0.000120339
4.152415 0.000116811
4.153415 0.000105031
4.154415 0.000102947
4.155416 0.000122568
4.156416 0.000106998
4.157416 0.000121533
4.158416 0.000125589
4.159416 0.000141860
4.160416 0.000146800
4.161416 0.000145276
4.162416 0.000161265
4.163416 0.000169244
4.164416 0.000172055
4.165417 0.000163222
4.166417 0.000172261
4.167417 0.000161551
4.168417 0.000166360
4.169417 0.000141347
4.170417 0.000131833
4.171417 0.000139119
4.172417 0.000132632
4.173417 0.000109225
4.174417 0.000110131
4.175418 0.000108853
4.176418 0.000111093
4.177418 0.000127957
4.178418 0.000123905
4.179418 0.000133151
4.180418 0.000154104
4.181418 0.000154849
4.182418 0.000161205
4.183418 0.000155336
4.184418 0.000157990
4.185419 0.000163238
4.186419 0.000161439
4.187419 0.000160562
4.188419 0.000156310
4.189419 0.000140354
4.190419 0.000134501
4.191419 0.000131179
4.192419 0.000123716
4.193419 0.000115544
4.194419 0.000111556
4.195420 0.000096316
4.196420 0.000098764
4.197420 0.000115746
4.198420 0.000122337
4.199420 0.000121101
4.200420 0.000130847
4.201420 0.000132263
4.202420 0.000152670
4.203420 0.000157710
4.204420 0.000146802
4.205421 0.000141209
4.206421 0.000145076
4.207421 0.000135920
4.208421 0.000140489
4.209421 0.000121546
4.210421 0.000115238
4.211421 0.000099259
4.212421 0.000104791
4.213421 0.000103109
4.214421 0.000092188
4.215422 0.000091334
4.216422 0.000087811
4.217422 0.000089978
4.218422 0.000097499
4.219422 0.000107024
4.220422 0.000118866
4.221422 0.000124852
4.222422 0.000127032
4.223422 0.000134847
4.224422 0.000139939
4.225423 0.000133432
4.226423 0.000128605
4.227423 0.000124878
4.228423 0.000118553
4.229423 0.000108728
4.230423 0.000115496
4.231423 0.000101453
4.232423 0.000093310
4.233423 0.000094889
4.234423 0.000093786
4.235424 0.000089990
4.236424 0.000093097
4.237424 0.000098419
4.238424 0.000097802
4.239424 0.000108222
4.240424 0.000108476
4.241424 0.000131007
4.242424 0.000139338
4.243424 0.000139853
4.244424 0.000133587
4.245425 0.000143979
4.246425 0.000136593
4.247425 0.000133621
4.248425 0.000121134
4.249425 0.000112925
4.250425 0.000110249
4.251425 0.000114160
4.252425 0.000112177
4.253425 0.000093252
4.254425 0.000099638
4.255426 0.000093957
4.256426 0.000107196
4.257426 0.000107331
4.258426 0.000117366
4.259426 0.000121992
4.260426 0.000122459
4.261426 0.000140320
4.262426 0.000150602
4.263426 0.000154970
4.264426 0.000158363
4.265427 0.000151475
4.266427 0.000152348
4.267427 0.000132886
4.268427 0.000136372
4.269427 0.000131458
4.270427 0.000118551
4.271427 0.000112463
4.272427 0.000104538
4.273427 0.000097096
4.274427 0.000094232
4.275428 0.000102589
4.276428 0.000104888
4.277428 0.000096196
4.278428 0.000110135
4.279428 0.000115227
4.280428 0.000131764
4.281428 0.000127093
4.282428 0.000136081
4.283428 0.000137175
4.284428 0.000147078
4.285429 0.000146330
4.286429 0.000140529
4.287429 0.000152019
4.288429 0.000117556
4.289429 0.000127128
4.290429 0.000122019
4.291429 0.000104552
4.292429 0.000089710
4.293429 0.000086339
4.294429 0.000084332
4.295430 0.000081287
4.296430 0.000074539
4.297430 0.000090691
4.298430 0.000091051
4.299430 0.000095133
4.300430 0.000096405
4.301430 0.000116713
4.302430 0.000122454
4.303430 0.000120026
4.304430 0.000125360
4.305431 0.000122803
4.306431 0.000132402
4.307431 0.000118658
4.308431 0.000112702
4.309431 0.000102795
4.310431 0.000095348
4.311431 0.000082786
4.312431 0.000078131
4.313431 0.000064798
4.314431 0.000074675
4.315432 0.000073012
4.316432 0.000073203
4.317432 0.000083096
4.318432 0.000079667
4.319432 0.000088749
4.320432 0.000093882
4.321432 0.000103879
4.322432 0.000112619
4.323432 0.000112479
4.324432 0.000117470
4.325433 0.000114645
4.326433 0.000123799
4.327433 0.000115926
4.328433 0.000108725
4.329433 0.000103418
4.330433 0.000095616
4.331433 0.000083766
4.332433 0.000080651
4.333433 0.000066037
4.334433 0.000067565
4.335434 0.000067683
4.336434 0.000059362
4.337434 0.000065662
4.338434 0.000079293
4.339434 0.000102655
4.340434 0.000097517
4.341434 0.000106436
4.342434 0.000122788
4.343434 0.000118292
4.344434 0.000132031
4.345435 0.000126850
4.346435 0.000117698
4.347435 0.000102715
4.348435 0.000103919
4.349435 0.000095524
4.350435 0.000101606
4.351435 0.000086811
4.352435 0.000079107
4.353435 0.000084017
4.354435 0.000074164
4.355436 0.000071856
4.356436 0.000080725
4.357436 0.000085049
4.358436 0.000086413
4.359436 0.000080337
4.360436 0.000100491
4.361436 0.000107971
4.362436 0.000116986
4.363436 0.000124603
4.364436 0.000128287
4.365437 0.000112342
4.366437 0.000127356
4.367437 0.000118839
4.368437 0.000130517
4.369437 0.000118691
4.370437 0.000107370
4.371437 0.000094175
4.372437 0.000083455
4.373437 0.000078931
4.374437 0.000075635
4.375438 0.000090442
4.376438 0.000080949
4.377438 0.000088028
4.378438 0.000094643
4.379438 0.000104502
4.380438 0.000114238
4.381438 0.000112549
4.382438 0.000131366
4.383438 0.000122685
4.384438 0.000121831
4.385439 0.000122831
4.386439 0.000123311
4.387439 0.000123761
4.388439 0.000108998
4.389439 0.000100327
4.390439 0.000104205
4.391439 0.000079757
4.392439 0.000073033
4.393439 0.000074544
4.394439 0.000067115
4.395440 0.000065263
4.396440 0.000067691
4.397440 0.000070035
4.398440 0.000076751
4.399440 0.000079314
4.400440 0.000094456
4.401440 0.000103606
4.402440 0.000108743
4.403440 0.000104755
4.404440 0.000108207
4.405441 0.000108741
4.406441 0.000106089
4.407441 0.000111792
4.408441 0.000103113
4.409441 0.000091407
4.410441 0.000085186
4.411441 0.000066625
4.412441 0.000065339
4.413441 0.000056601
4.414441 0.000049619
4.415442 0.000046621
4.416442 0.000049406
4.417442 0.000058564
4.418442 0.000061345
4.419442 0.000071016
4.420442 0.000073133
4.421442 0.000075731
4.422442 0.000094675
4.423442 0.000094291
4.424442 0.000084926
4.425443 0.000101248
4.426443 0.000092831
4.427443 0.000089303
4.428443 0.000074094
4.429443 0.000069914
4.430443 0.000076418
4.431443 0.000068710
4.432443 0.000058537
4.433443 0.000053248
4.434443 0.000039854
4.435444 0.000048803
4.436444 0.000051389
4.437444 0.000050147
4.438444 0.000058290
4.439444 0.000056117
4.440444 0.000069713
4.441444 0.000080317
4.442444 0.000097849
4.443444 0.000102567
4.444444 0.000080456
4.445445 0.000100707
4.446445 0.000102316
4.447445 0.000092748
4.448445 0.000090150
4.449445 0.000086026
4.450445 0.000075998
4.451445 0.000063600
4.452445 0.000064372
4.453445 0.000054943
4.454445 0.000049651
4.455446 0.000047429
4.456446 0.000054774
4.457446 0.000066253
4.458446 0.000068189
4.459446 0.000079998
4.460446 0.000094521
4.461446 0.000093428
4.462446 0.000111232
4.463446 0.000097571
4.464446 0.000100102
4.465447 0.000101748
4.466447 0.000108107
4.467447 0.000109200
4.468447 0.000091068
4.469447 0.000086024
4.470447 0.000081403
4.471447 0.000068503
4.472447 0.000061534
4.473447 0.000063107
4.474447 0.000047909
4.475448 0.000055916
4.476448 0.000062364
4.477448 0.000066041
4.478448 0.000063113
4.479448 0.000060622
4.480448 0.000075070
4.481448 0.000081801
4.482448 0.000093991
4.483448 0.000092877
4.484448 0.000103006
4.485449 0.000105337
4.486449 0.000101365
4.487449 0.000097557
4.488449 0.000091848
4.489449 0.000075374
4.490449 0.000069589
4.491449 0.000064164
4.492449 0.000053179
4.493449 0.000051157
4.494449 0.000047037
4.495450 0.000052712
4.496450 0.000049185
4.497450 0.000055542
4.498450 0.000062420
4.499450 0.000048918
4.500450 0.000070533
4.501450 0.000078827
4.502450 0.000081693
4.503450 0.000092262
4.504450 0.000088578
4.505451 0.000085085
4.506451 0.000082905
4.507451 0.000072830
4.508451 0.000068443
4.509451 0.000064728
4.510451 0.000061748
4.511451 0.000044219
4.512451 0.000042453
4.513451 0.000037052
4.514451 0.000028245
4.515452 0.000030206
4.516452 0.000022222
4.517452 0.000032474
4.518452 0.000052958
4.519452 0.000052980
4.520452 0.000054096
4.521452 0.000058580
4.522452 0.000068919
4.523452 0.000076490
4.524452 0.000081237
4.525453 0.000064246
4.526453 0.000073195
4.527453 0.000074769
4.528453 0.000061938
4.529453 0.000056330
4.530453 0.000052448
4.531453 0.000045364
4.532453 0.000031635
4.533453 0.000019196
4.534453 0.000015677
4.535454 0.000016469
4.536454 0.000026868
4.537454 0.000020845
4.538454 0.000035347
4.539454 0.000036637
4.540454 0.000046234
4.541454 0.000060674
4.542454 0.000062140
4.543454 0.000067028
4.544454 0.000073891
4.545455 0.000064773
4.546455 0.000077559
4.547455 0.000074918
4.548455 0.000070081
4.549455 0.000055084
4.550455 0.000047624
4.551455 0.000043493
4.552455 0.000031267
4.553455 0.000028188
4.554455 0.000021808
4.555456 0.000034094
4.556456 0.000027228
4.557456 0.000037923
4.558456 0.000039033
4.559456 0.000043987
4.560456 0.000053977
4.561456 0.000067735
4.562456 0.000070899
4.563456 0.000082815
4.564456 0.000080402
4.565457 0.000077807
4.566457 0.000069199
4.567457 0.000078319
4.568457 0.000069529
4.569457 0.000061650
4.570457 0.000053727
4.571457 0.000042918
4.572457 0.000040329
4.573457 0.000039938
4.574457 0.000024324
4.575458 0.000022104
4.576458 0.000036987
4.577458 0.000034089
4.578458 0.000046798
4.579458 0.000039576
4.580458 0.000057098
4.581458 0.000059405
4.582458 0.000070477
4.583458 0.000074920
4.584458 0.000069354
4.585459 0.000080436
4.586459 0.000067724
4.587459 0.000070263
4.588459 0.000061815
4.589459 0.000049105
4.590459 0.000052796
4.591459 0.000043022
4.592459 0.000036147
4.593459 0.000022316
4.594459 0.000023169
4.595460 0.000019598
4.596460 0.000014881
4.597460 0.000015322
4.598460 0.000033704
4.599460 0.000034507
4.600460 0.000034591
4.601460 0.000051063
4.602460 0.000049653
4.603460 0.000049700
4.604460 0.000063136
4.605461 0.000057577
4.606461 0.000060577
4.607461 0.000053952
4.608461 0.000049136
4.609461 0.000032077
4.610461 0.000028246
4.611461 0.000021035
4.612461 0.000004067
4.613461 0.000005368
4.614461 0.000010209
4.615462 -0.000002097
4.616462 0.000016661
4.617462 0.000014517
4.618462 0.000016382
4.619462 0.000017799
4.620462 0.000015500
4.621462 0.000040010
4.622462 0.000045427
4.623462 0.000050902
4.624462 0.000047505
4.625463 0.000045384
4.626463 0.000031887
4.627463 0.000035669
4.628463 0.000033596
4.629463 0.000027933
4.630463 0.000012576
4.631463 0.000008504
4.632463 -0.000004355
4.633463 -0.000010879
4.634463 0.000002071
4.635464 0.000007022
4.636464 0.000004990
4.637464 -0.000003549
4.638464 0.000007311
4.639464 0.000025209
4.640464 0.000023890
4.641464 0.000018421
4.642464 0.000040634
4.643464 0.000032800
4.644464 0.000043905
4.645465 0.000040440
4.646465 0.000041346
4.647465 0.000027428
4.648465 0.000036522
4.649465 0.000018822
4.650465 0.000023255
4.651465 0.000013843
4.652465 0.000001421
4.653465 0.000005681
4.654465 -0.000002346
4.655466 -0.000002236
4.656466 0.000005517
4.657466 0.000005849
4.658466 0.000008733
4.659466 0.000001731
4.660466 0.000028070
4.661466 0.000027415
4.662466 0.000036000
4.663466 0.000040980
4.664466 0.000049608
4.665467 0.000046361
4.666467 0.000048951
4.667467 0.000029755
4.668467 0.000031468
4.669467 0.000023079
4.670467 0.000007097
4.671467 0.000010373
4.672467 0.000001400
4.673467 -0.000005239
4.674467 -0.000015505
4.675468 0.000001198
4.676468 0.000006472
4.677468 -0.000010981
4.678468 0.000003190
4.679468 0.000016024
4.680468 0.000026498
4.681468 0.000021771
4.682468 0.000036042
4.683468 0.000038629
4.684468 0.000031611
4.685469 0.000047075
4.686469 0.000035508
4.687469 0.000029715
4.688469 0.000021783
4.689469 0.000020931
4.690469 0.000009083
4.691469 -0.000003276
4.692469 0.000000429
4.693469 -0.000005554
4.694469 -0.000020554
4.695470 -0.000022859
4.696470 -0.000012500
4.697470 -0.000009964
4.698470 -0.000008438
4.699470 -0.000005599
4.700470 0.000012377
4.701470 0.000023396
4.702470 0.000008398
4.703470 0.000016097
4.704470 0.000029761
4.705471 0.000020907
4.706471 0.000028761
4.707471 0.000026872
4.708471 0.000010828
4.709471 0.000001495
4.710471 -0.000006935
4.711471 -0.000007273
4.712471 -0.000017620
4.713471 -0.000016762
4.714471 -0.000024138
4.715472 -0.000011999
4.716472 -0.000022070
4.717472 -0.000020759
4.718472 -0.000018098
4.719472 -0.000002071
4.720472 0.000005827
4.721472 0.000003796
4.722472 0.000017148
4.723472 0.000013790
4.724472 0.000014097
4.725473 0.000025488
4.726473 0.000014939
4.727473 0.000013491
4.728473 0.000008249
4.729473 -0.000014420
4.730473 -0.000014664
4.731473 -0.000010151
4.732473 -0.000028482
4.733473 -0.000032030
4.734473 -0.000024423
4.735474 -0.000035589
4.736474 -0.000025538
4.737474 -0.000026896
4.738474 -0.000013488
4.739474 -0.000016467
4.740474 0.000005724
4.741474 0.000008967
4.742474 0.000017974
4.743474 0.000016304
4.744474 0.000023361
4.745475 0.000015197
4.746475 0.000009456
4.747475 0.000014238
4.748475 0.000002338
4.749475 -0.000002686
4.750475 -0.000003741
4.751475 -0.000019150
4.752475 -0.000017958
4.753475 -0.000026657
4.754475 -0.000029583
4.755476 -0.000025156
4.756476 -0.000018552
4.757476 -0.000020030
4.758476 -0.000008364
4.759476 -0.000009803
4.760476 0.000004696
4.761476 0.000007632
4.762476 0.000013253
4.763476 0.000020749
4.764476 0.000023426
4.765477 0.000023970
4.766477 0.000019964
4.767477 0.000022052
4.768477 0.000006406
4.769477 0.000001562
4.770477 -0.000007062
4.771477 -0.000030079
4.772477 -0.000035205
4.773477 -0.000030688
4.774477 -0.000035089
4.775478 -0.000022704
4.776478 -0.000027080
4.777478 -0.000024741
4.778478 -0.000028257
4.779478 -0.000015873
4.780478 -0.000007154
4.781478 0.000002073
4.782478 0.000002531
4.783478 0.000005351
4.784478 0.000014688
4.785479 0.000019154
4.786479 0.000016734
4.787479 0.000003768
4.788479 -0.000003129
4.789479 -0.000000330
4.790479 -0.000016117
4.791479 -0.000029007
4.792479 -0.000030391
4.793479 -0.000036940
4.794479 -0.000043902
4.795480 -0.000045644
4.796480 -0.000043566
4.797480 -0.000028809
4.798480 -0.000029231
4.799480 -0.000020112
4.800480 -0.000008310
4.801480 -0.000011054
4.802480 -0.000001134
4.803480 -0.000009050
4.804480 0.000008690
4.805481 0.000001725
4.806481 0.000000342
4.807481 -0.000007672
4.808481 -0.000007761
4.809481 -0.000020161
4.810481 -0.000018097
4.811481 -0.000040648
4.812481 -0.000043184
4.813481 -0.000042501
4.814481 -0.000041666
4.815482 -0.000046755
4.816482 -0.000042910
4.817482 -0.000048335
4.818482 -0.000039197
4.819482 -0.000031695
4.820482 -0.000036364
4.821482 -0.000012793
4.822482 -0.000018553
4.823482 -0.000005837
4.824482 -0.000015228
4.825483 -0.000008996
4.826483 -0.000004066
4.827483 -0.000017197
4.828483 -0.000014309
4.829483 -0.000027925
4.830483 -0.000028571
4.831483 -0.000037798
4.832483 -0.000050739
4.833483 -0.000035528
4.834483 -0.000065935
4.835484 -0.000048945
4.836484 -0.000045182
4.837484 -0.000046614
4.838484 -0.000048476
4.839484 -0.000039095
4.840484 -0.000029622
4.841484 -0.000022243
4.842484 -0.000010281
4.843484 -0.000011606
4.844484 -0.000014343
4.845485 -0.000016729
4.846485 -0.000012249
4.847485 -0.000021563
4.848485 -0.000023313
4.849485 -0.000034575
4.850485 -0.000045044
4.851485 -0.000048211
4.852485 -0.000047277
4.853485 -0.000063626
4.854485 -0.000060584
4.855486 -0.000058181
4.856486 -0.000058612
4.857486 -0.000046865
4.858486 -0.000049788
4.859486 -0.000031117
4.860486 -0.000030794
4.861486 -0.000026327
4.862486 -0.000027191
4.863486 -0.000016554
4.864486 -0.000006946
4.865487 -0.000004956
4.866487 -0.000007509
4.867487 -0.000014996
4.868487 -0.000015129
4.869487 -0.000034028
4.870487 -0.000035216
4.871487 -0.000046154
4.872487 -0.000051145
4.873487 -0.000056273
4.874487 -0.000063472
4.875488 -0.000050743
4.876488 -0.000059934
4.877488 -0.000053532
4.878488 -0.000047446
4.879488 -0.000038211
4.880488 -0.000022950
4.881488 -0.000029448
4.882488 -0.000018111
4.883488 -0.000013796
4.884488 -0.000016391
4.885489 -0.000017402
4.886489 -0.000019911
4.887489 -0.000027982
4.888489 -0.000033008
4.889489 -0.000047470
4.890489 -0.000046705
4.891489 -0.000059033
4.892489 -0.000073268
4.893489 -0.000076343
4.894489 -0.000070848
4.895490 -0.000071830
4.896490 -0.000071143
4.897490 -0.000069263
4.898490 -0.000049429
4.899490 -0.000053909
4.900490 -0.000051690
4.901490 -0.000030229
4.902490 -0.000029922
4.903490 -0.000024119
4.904490 -0.000027645
4.905491 -0.000024789
4.906491 -0.000020489
4.907491 -0.000023885
4.908491 -0.000036919
4.909491 -0.000042779
4.910491 -0.000055466
4.911491 -0.000067142
4.912491 -0.000084626
4.913491 -0.000079031
4.914491 -0.000073508
4.915492 -0.000072457
4.916492 -0.000068924
4.917492 -0.000069121
4.918492 -0.000063885
4.919492 -0.000061217
4.920492 -0.000058990
4.921492 -0.000037932
4.922492 -0.000035072
4.923492 -0.000027384
4.924492 -0.000031722
4.925493 -0.000027067
4.926493 -0.000040677
4.927493 -0.000042358
4.928493 -0.000047722
4.929493 -0.000060561
4.930493 -0.000058952
4.931493 -0.000072755
4.932493 -0.000081603
4.933493 -0.000088888
4.934493 -0.000082852
4.935494 -0.000078443
4.936494 -0.000087221
4.937494 -0.000085043
4.938494 -0.000079406
4.939494 -0.000064928
4.940494 -0.000064338
4.941494 -0.000051097
4.942494 -0.000035781
4.943494 -0.000040561
4.944494 -0.000026928
4.945495 -0.000036621
4.946495 -0.000044092
4.947495 -0.000040363
4.948495 -0.000046709
4.949495 -0.000057820
4.950495 -0.000066829
4.951495 -0.000068642
4.952495 -0.000075916
4.953495 -0.000086598
4.954495 -0.000093276
4.955496 -0.000094040
4.956496 -0.000089904
4.957496 -0.000078506
4.958496 -0.000076661
4.959496 -0.000068795
4.960496 -0.000068422
4.961496 -0.000066360
4.962496 -0.000051047
4.963496 -0.000047678
4.964496 -0.000050462
4.965497 -0.000044566
4.966497 -0.000042515
4.967497 -0.000047342
4.968497 -0.000053438
4.969497 -0.000066436
4.970497 -0.000072380
4.971497 -0.000091842
4.972497 -0.000097705
4.973497 -0.000090454
4.974497 -0.000100683
4.975498 -0.000094796
4.976498 -0.000093486
4.977498 -0.000089368
4.978498 -0.000078110
4.979498 -0.000075952
4.980498 -0.000069157
4.981498 -0.000050107
4.982498 -0.000055835
4.983498 -0.000046868
4.984498 -0.000044520
4.985499 -0.000047840
4.986499 -0.000058360
4.987499 -0.000056065
4.988499 -0.000058083
4.989499 -0.000067999
4.990499 -0.000076409
4.991499 -0.000082377
4.992499 -0.000086974
4.993499 -0.000094877
4.994499 -0.000104084
4.995500 -0.000103544
4.996500 -0.000097562
4.997500 -0.000093763
4.998500 -0.000086264
4.999500 -0.000090440
5.000500 -0.000079010
5.001500 -0.000060853
5.002500 -0.000064688
5.003500 -0.000066132
5.004500 -0.000056988
5.005501 -0.000051209
5.006501 -0.000056628
5.007501 -0.000062789
5.008501 -0.000069524
5.009501 -0.000071623
5.010501 -0.000079633
5.011501 -0.000097857
5.012501 -0.000094243
5.013501 -0.000105008
5.014501 -0.000114457
5.015502 -0.000110780
5.016502 -0.000104925
5.017502 -0.000102275
5.018502 -0.000095008
5.019502 -0.000092324
5.020502 -0.000086860
5.021502 -0.000075253
5.022502 -0.000070799
5.023502 -0.000060599
5.024502 -0.000055339
5.025503 -0.000062500
5.026503 -0.000069083
5.027503 -0.000078158
5.028503 -0.000072130
5.029503 -0.000079172
5.030503 -0.000093707
5.031503 -0.000092629
5.032503 -0.000110872
5.033503 -0.000121384
5.034503 -0.000112446
5.035504 -0.000109930
5.036504 -0.000114448
5.037504 -0.000094595
5.038504 -0.000104888
5.039504 -0.000091890
5.040504 -0.000088557
5.041504 -0.000081481
5.042504 -0.000074900
5.043504 -0.000053151
5.044504 -0.000063079
5.045505 -0.000053888
5.046505 -0.000051295
5.047505 -0.000066270
5.048505 -0.000073077
5.049505 -0.000087142
5.050505 -0.000085267
5.051505 -0.000097901
5.052505 -0.000103969
5.053505 -0.000105919
5.054505 -0.000106839
5.055506 -0.000123856
5.056506 -0.000109146
5.057506 -0.000115431
5.058506 -0.000107015
5.059506 -0.000096576
5.060506 -0.000079653
5.061506 -0.000080137
5.062506 -0.000073966
5.063506 -0.000072022
5.064506 -0.000072972
5.065507 -0.000053221
5.066507 -0.000080424
5.067507 -0.000083473
5.068507 -0.000092540
5.069507 -0.000084778
5.070507 -0.000098001
5.071507 -0.000111240
5.072507 -0.000114807
5.073507 -0.000120881
5.074507 -0.000124909
5.075508 -0.000125360
5.076508 -0.000108527
5.077508 -0.000116527
5.078508 -0.000121027
5.079508 -0.000105859
5.080508 -0.000100318
5.081508 -0.000078701
5.082508 -0.000085107
5.083508 -0.000080138
5.084508 -0.000080551
5.085509 -0.000083235
5.086509 -0.000080785
5.087509 -0.000079305
5.088509 -0.000099706
5.089509 -0.000091233
5.090509 -0.000104773
5.091509 -0.000108494
5.092509 -0.000112186
5.093509 -0.000123093
5.094509 -0.000124755
5.095510 -0.000119248
5.096510 -0.000120853
5.097510 -0.000109419
5.098510 -0.000113968
5.099510 -0.000103034
5.100510 -0.000099289
5.101510 -0.000088816
5.102510 -0.000085745
5.103510 -0.000072642
5.104510 -0.000068756
5.105511 -0.000082288
5.106511 -0.000075302
5.107511 -0.000088817
5.108511 -0.000101177
5.109511 -0.000096636
5.110511 -0.000119188
5.111511 -0.000107864
5.112511 -0.000118951
5.113511 -0.000121126
5.114511 -0.000129503
5.115512 -0.000127943
5.116512 -0.000126940
5.117512 -0.000116862
5.118512 -0.000104402
5.119512 -0.000111299
5.120512 -0.000097792
5.121512 -0.000095554
5.122512 -0.000084218
5.123512 -0.000079153
5.124512 -0.000075934
5.125513 -0.000088118
5.126513 -0.000091174
5.127513 -0.000089673
5.128513 -0.000096627
5.129513 -0.000107104
5.130513 -0.000107428
5.131513 -0.000117538
5.132513 -0.000126003
5.133513 -0.000124836
5.134513 -0.000140628
5.135514 -0.000123705
5.136514 -0.000138952
5.137514 -0.000121467
5.138514 -0.000125616
5.139514 -0.000109218
5.140514 -0.000103092
5.141514 -0.000096419
5.142514 -0.000095824
5.143514 -0.000078004
5.144514 -0.000077647
5.145515 -0.000086572
5.146515 -0.000099429
5.147515 -0.000080703
5.148515 -0.000104551
5.149515 -0.000110082
5.150515 -0.000114928
5.151515 -0.000122485
5.152515 -0.000122825
5.153515 -0.000136658
5.154515 -0.000135163
5.155516 -0.000134129
5.156516 -0.000132133
5.157516 -0.000139336
5.158516 -0.000128845
5.159516 -0.000117220
5.160516 -0.000108574
5.161516 -0.000104812
5.162516 -0.000090125
5.163516 -0.000087106
5.164516 -0.000092327
5.165517 -0.000093655
5.166517 -0.000093806
5.167517 -0.000092011
5.168517 -0.000098427
5.169517 -0.000120722
5.170517 -0.000123869
5.171517 -0.000131485
5.172517 -0.000138852
5.173517 -0.000141856
5.174517 -0.000140391
5.175518 -0.000136385
5.176518 -0.000137096
5.177518 -0.000125369
5.178518 -0.000125946
5.179518 -0.000133309
5.180518 -0.000106160
5.181518 -0.000098931
5.182518 -0.000089496
5.183518 -0.000090863
5.184518 -0.000092978
5.185519 -0.000083172
5.186519 -0.000096140
5.187519 -0.000102547
5.188519 -0.000106408
5.189519 -0.000112659
5.190519 -0.000128713
5.191519 -0.000129364
5.192519 -0.000122960
5.193519 -0.000142742
5.194519 -0.000144879
5.195520 -0.000144166
5.196520 -0.000139736
5.197520 -0.000139104
5.198520 -0.000135358
5.199520 -0.000126603
5.200520 -0.000109361
5.201520 -0.000105990
5.202520 -0.000101479
5.203520 -0.000090246
5.204520 -0.000095074
5.205521 -0.000086208
5.206521 -0.000080072
5.207521 -0.000087989
5.208521 -0.000104047
5.209521 -0.000113156
5.210521 -0.000107330
5.211521 -0.000124546
5.212521 -0.000133163
5.213521 -0.000130618
5.214521 -0.000135667
5.215522 -0.000145006
5.216522 -0.000140176
5.217522 -0.000135432
5.218522 -0.000120714
5.219522 -0.000108902
5.220522 -0.000101716
5.221522 -0.000093396
5.222522 -0.000099871
5.223522 -0.000093579
5.224522 -0.000093948
5.225523 -0.000100991
5.226523 -0.000082400
5.227523 -0.000107628
5.228523 -0.000112667
5.229523 -0.000110232
5.230523 -0.000110108
5.231523 -0.000141769
5.232523 -0.000131103
5.233523 -0.000147289
5.234523 -0.000125032
5.235524 -0.000135718
5.236524 -0.000142290
5.237524 -0.000132848
5.238524 -0.000134982
5.239524 -0.000118922
5.240524 -0.000129360
5.241524 -0.000104406
5.242524 -0.000095459
5.243524 -0.000103707
5.244524 -0.000104037
5.245525 -0.000097646
5.246525 -0.000096596
5.247525 -0.000122764
5.248525 -0.000119924
5.249525 -0.000128146
5.250525 -0.000129688
5.251525 -0.000133633
5.252525 -0.000147140
5.253525 -0.000146692
5.254525 -0.000156444
5.255526 -0.000157135
5.256526 -0.000155627
5.257526 -0.000142179
5.258526 -0.000140292
5.259526 -0.000138113
5.260526 -0.000122788
5.261526 -0.000111743
5.262526 -0.000109096
5.263526 -0.000104097
5.264526 -0.000105018
5.265527 -0.000112099
5.266527 -0.000113135
5.267527 -0.000119137
5.268527 -0.000116996
5.269527 -0.000133548
5.270527 -0.000141523
5.271527 -0.000153297
5.272527 -0.000154192
5.273527 -0.000162417
5.274527 -0.000147556
5.275528 -0.000157531
5.276528 -0.000156712
5.277528 -0.000155899
5.278528 -0.000143211
5.279528 -0.000141062
5.280528 -0.000132131
5.281528 -0.000122135
5.282528 -0.000121409
5.283528 -0.000119630
5.284528 -0.000108439
5.285529 -0.000116964
5.286529 -0.000121068
5.287529 -0.000116859
5.288529 -0.000116332
5.289529 -0.000140530
5.290529 -0.000136046
5.291529 -0.000138360
5.292529 -0.000148237
5.293529 -0.000149183
5.294529 -0.000165770
5.295530 -0.000158919
5.296530 -0.000168424
5.297530 -0.000153808
5.298530 -0.000140114
5.299530 -0.000140090
5.300530 -0.000126702
5.301530 -0.000128066
5.302530 -0.000121157
5.303530 -0.000109329
5.304530 -0.000106898
5.305531 -0.000105635
5.306531 -0.000114883
5.307531 -0.000114764
5.308531 -0.000122031
5.309531 -0.000123958
5.310531 -0.000134889
5.311531 -0.000144691
5.312531 -0.000154848
5.313531 -0.000158533
5.314531 -0.000146768
5.315532 -0.000158573
5.316532 -0.000154682
5.317532 -0.000151637
5.318532 -0.000151695
5.319532 -0.000128908
5.320532 -0.000130604
5.321532 -0.000122570
5.322532 -0.000118040
5.323532 -0.000090449
5.324532 -0.000103809
5.325533 -0.000107181
5.326533 -0.000118178
5.327533 -0.000112803
5.328533 -0.000122157
5.329533 -0.000136775
5.330533 -0.000137178
5.331533 -0.000147798
5.332533 -0.000153853
5.333533 -0.000152431
5.334533 -0.000155781
5.335534 -0.000148351
5.336534 -0.000156456
5.337534 -0.000154112
5.338534 -0.000141052
5.339534 -0.000138223
5.340534 -0.000122563
5.341534 -0.000119603
5.342534 -0.000117426
5.343534 -0.000100975
5.344534 -0.000111154
5.345535 -0.000106533
5.346535 -0.000112434
5.347535 -0.000122782
5.348535 -0.000127105
5.349535 -0.000139882
5.350535 -0.000144308
5.351535 -0.000152106
5.352535 -0.000166617
5.353535 -0.000161504
5.354535 -0.000170412
5.355536 -0.000161576
5.356536 -0.000165646
5.357536 -0.000156045
5.358536 -0.000149730
5.359536 -0.000134262
5.360536 -0.000143766
5.361536 -0.000133912
5.362536 -0.000127841
5.363536 -0.000125623
5.364536 -0.000138619
5.365537 -0.000116361
5.366537 -0.000115932
5.367537 -0.000122774
5.368537 -0.000124871
5.369537 -0.000142792
5.370537 -0.000151491
5.371537 -0.000150493
5.372537 -0.000166167
5.373537 -0.000171346
5.374537 -0.000160311
5.375538 -0.000175664
5.376538 -0.000173291
5.377538 -0.000168211
5.378538 -0.000157371
5.379538 -0.000145969
5.380538 -0.000145527
5.381538 -0.000139589
5.382538 -0.000123787
5.383538 -0.000129795
5.384538 -0.000112742
5.385539 -0.000125472
5.386539 -0.000120453
5.387539 -0.000126261
5.388539 -0.000134182
5.389539 -0.000145679
5.390539 -0.000140183
5.391539 -0.000160687
5.392539 -0.000171368
5.393539 -0.000169027
5.394539 -0.000169619
5.395540 -0.000168093
5.396540 -0.000160087
5.397540 -0.000159148
5.398540 -0.000145772
5.399540 -0.000145223
5.400540 -0.000139952
5.401540 -0.000120899
5.402540 -0.000127984
5.403540 -0.000116309
5.404540 -0.000114853
5.405541 -0.000112275
5.406541 -0.000117785
5.407541 -0.000126027
5.408541 -0.000122699
5.409541 -0.000141106
5.410541 -0.000148193
5.411541 -0.000149625
5.412541 -0.000161452
5.413541 -0.000156047
5.414541 -0.000161654
5.415542 -0.000172016
5.416542 -0.000163608
5.417542 -0.000161019
5.418542 -0.000153711
5.419542 -0.000149076
5.420542 -0.000142774
5.421542 -0.000129034
5.422542 -0.000116703
5.423542 -0.000110894
5.424542 -0.000104087
5.425543 -0.000120305
5.426543 -0.000121303
5.427543 -0.000125266
5.428543 -0.000128423
5.429543 -0.000146157
5.430543 -0.000145579
5.431543 -0.000157033
5.432543 -0.000168637
5.433543 -0.000170968
5.434543 -0.000170152
5.435544 -0.000170070
5.436544 -0.000164890
5.437544 -0.000160453
5.438544 -0.000153724
5.439544 -0.000152245
5.440544 -0.000138417
5.441544 -0.000134044
5.442544 -0.000134673
5.443544 -0.000117083
5.444544 -0.000117631
5.445545 -0.000121566
5.446545 -0.000134010
5.447545 -0.000119706
5.448545 -0.000137635
5.449545 -0.000142058
5.450545 -0.000152405
5.451545 -0.000165706
5.452545 -0.000174495
5.453545 -0.000174403
5.454545 -0.000185903
5.455546 -0.000182015
5.456546 -0.000176632
5.457546 -0.000172538
5.458546 -0.000164949
5.459546 -0.000158910
5.460546 -0.000145209
5.461546 -0.000145908
5.462546 -0.000144815
5.463546 -0.000142485
5.464546 -0.000133320
5.465547 -0.000129738
5.466547 -0.000132892
5.467547 -0.000148394
5.468547 -0.000143464
5.469547 -0.000157224
5.470547 -0.000157144
5.471547 -0.000172360
5.472547 -0.000177593
5.473547 -0.000186178
5.474547 -0.000171176
5.475548 -0.000181303
5.476548 -0.000176062
5.477548 -0.000167158
5.478548 -0.000170810
5.479548 -0.000155551
5.480548 -0.000145231
5.481548 -0.000148593
5.482548 -0.000145693
5.483548 -0.000145003
5.484548 -0.000133728
5.485549 -0.000137648
5.486549 -0.000138230
5.487549 -0.000138537
5.488549 -0.000147558
5.489549 -0.000156307
5.490549 -0.000154295
5.491549 -0.000162498
5.492549 -0.000176140
5.493549 -0.000182052
5.494549 -0.000178139
5.495550 -0.000177128
5.496550 -0.000167797
5.497550 -0.000168064
5.498550 -0.000166344
5.499550 -0.000148486
5.500550 -0.000157637
5.501550 -0.000148133
5.502550 -0.000133187
5.503550 -0.000123899
5.504550 -0.000125662
5.505551 -0.000117770
5.506551 -0.000133874
5.507551 -0.000127830
5.508551 -0.000135329
5.509551 -0.000153843
5.510551 -0.000157894
5.511551 -0.000152709
5.512551 -0.000163577
5.513551 -0.000181052
5.514551 -0.000176417
5.515552 -0.000173906
5.516552 -0.000173784
5.517552 -0.000170927
5.518552 -0.000167915
5.519552 -0.000162521
5.520552 -0.000139835
5.521552 -0.000124363
5.522552 -0.000127886
5.523552 -0.000121751
5.524552 -0.000118909
5.525553 -0.000128001
5.526553 -0.000118013
5.527553 -0.000127551
5.528553 -0.000133870
5.529553 -0.000139309
5.530553 -0.000145123
5.531553 -0.000156254
5.532553 -0.000165007
5.533553 -0.000167149
5.534553 -0.000175207
5.535554 -0.000162131
5.536554 -0.000163664
5.537554 -0.000165775
5.538554 -0.000158910
5.539554 -0.000151004
5.540554 -0.000144724
5.541554 -0.000137553
5.542554 -0.000137245
5.543554 -0.000129539
5.544554 -0.000119166
5.545555 -0.000123965
5.546555 -0.000133548
5.547555 -0.000131743
5.548555 -0.000133747
5.549555 -0.000146490
5.550555 -0.000159689
5.551555 -0.000166865
5.552555 -0.000172016
5.553555 -0.000174924
5.554555 -0.000181809
5.555556 -0.000176062
5.556556 -0.000185696
5.557556 -0.000176487
5.558556 -0.000167777
5.559556 -0.000165131
5.560556 -0.000153916
5.561556 -0.000149995
5.562556 -0.000131674
5.563556 -0.000147476
5.564556 -0.000126042
5.565557 -0.000135535
5.566557 -0.000137293
5.567557 -0.000143078
5.568557 -0.000141543
5.569557 -0.000153719
5.570557 -0.000158048
5.571557 -0.000171011
5.572557 -0.000187185
5.573557 -0.000186319
5.574557 -0.000185676
5.575558 -0.000184704
5.576558 -0.000175805
5.577558 -0.000173174
5.578558 -0.000171603
5.579558 -0.000164318
5.580558 -0.000154776
5.581558 -0.000155747
5.582558 -0.000145625
5.583558 -0.000129125
5.584558 -0.000132310
5.585559 -0.000144050
5.586559 -0.000133743
5.587559 -0.000132724
5.588559 -0.000155283
5.589559 -0.000157147
5.590559 -0.000151095
5.591559 -0.000164115
5.592559 -0.000179457
5.593559 -0.000168725
5.594559 -0.000176866
5.595560 -0.000176727
5.596560 -0.000178141
5.597560 -0.000163462
5.598560 -0.000162748
5.599560 -0.000160743
5.600560 -0.000145030
5.601560 -0.000137382
5.602560 -0.000138734
5.603560 -0.000126318
5.604560 -0.000120395
5.605561 -0.000134268
5.606561 -0.000130586
5.607561 -0.000135726
5.608561 -0.000132348
5.609561 -0.000145710
5.610561 -0.000150780
5.611561 -0.000155936
5.612561 -0.000168607
5.613561 -0.000157796
5.614561 -0.000164057
5.615562 -0.000172769
5.616562 -0.000167784
5.617562 -0.000164654
5.618562 -0.000157287
5.619562 -0.000155827
5.620562 -0.000143115
5.621562 -0.000132742
5.622562 -0.000116079
5.623562 -0.000124234
5.624562 -0.000118672
5.625563 -0.000114462
5.626563 -0.000110260
5.627563 -0.000123911
5.628563 -0.000125434
5.629563 -0.000139213
5.630563 -0.000152121
5.631563 -0.000161511
5.632563 -0.000155254
5.633563 -0.000165564
5.634563 -0.000173549
5.635564 -0.000161498
5.636564 -0.000166229
5.637564 -0.000158926
5.638564 -0.000149744
5.639564 -0.000140520
5.640564 -0.000140968
5.641564 -0.000131953
5.642564 -0.000129528
5.643564 -0.000116999
5.644564 -0.000115158
5.645565 -0.000131160
5.646565 -0.000129932
5.647565 -0.000138189
5.648565 -0.000141564
5.649565 -0.000146612
5.650565 -0.000161808
5.651565 -0.000168640
5.652565 -0.000175057
5.653565 -0.000183771
5.654565 -0.000176594
5.655566 -0.000177947
5.656566 -0.000174694
5.657566 -0.000171017
5.658566 -0.000163031
5.659566 -0.000157079
5.660566 -0.000159649
5.661566 -0.000138568
5.662566 -0.000138162
5.663566 -0.000140088
5.664566 -0.000142574
5.665567 -0.000142342
5.666567 -0.000140103
5.667567 -0.000152266
5.668567 -0.000147838
5.669567 -0.000164115
5.670567 -0.000170860
5.671567 -0.000178113
5.672567 -0.000189351
5.673567 -0.000181049
5.674567 -0.000181894
5.675568 -0.000172869
5.676568 -0.000183546
5.677568 -0.000175188
5.678568 -0.000167239
5.679568 -0.000155278
5.680568 -0.000164380
5.681568 -0.000142682
5.682568 -0.000138554
5.683568 -0.000141210
5.684568 -0.000140773
5.685569 -0.000138643
5.686569 -0.000112955
5.687569 -0.000133039
5.688569 -0.000135573
5.689569 -0.000136725
5.690569 -0.000144165
5.691569 -0.000155344
5.692569 -0.000173038
5.693569 -0.000175392
5.694569 -0.000182356
5.695570 -0.000181607
5.696570 -0.000172362
5.697570 -0.000162171
5.698570 -0.000154001
5.699570 -0.000165781
5.700570 -0.000147961
5.701570 -0.000132580
5.702570 -0.000127343
5.703570 -0.000111738
5.704570 -0.000117564
5.705571 -0.000117980
5.706571 -0.000121833
5.707571 -0.000124271
5.708571 -0.000133937
5.709571 -0.000146570
5.710571 -0.000155050
5.711571 -0.000159005
5.712571 -0.000165391
5.713571 -0.000165783
5.714571 -0.000168677
5.715572 -0.000173956
5.716572 -0.000148555
5.717572 -0.000156497
5.718572 -0.000152791
5.719572 -0.000143124
5.720572 -0.000136776
5.721572 -0.000119685
5.722572 -0.000116049
5.723572 -0.000113665
5.724572 -0.000117570
5.725573 -0.000111105
5.726573 -0.000120961
5.727573 -0.000124580
5.728573 -0.000131284
5.729573 -0.000131830
5.730573 -0.000148238
5.731573 -0.000151256
5.732573 -0.000157088
5.733573 -0.000157628
5.734573 -0.000156516
5.735574 -0.000155005
5.736574 -0.000149690
5.737574 -0.000150706
5.738574 -0.000148122
5.739574 -0.000149496
5.740574 -0.000137789
5.741574 -0.000126514
5.742574 -0.000121088
5.743574 -0.000109000
5.744574 -0.000120219
5.745575 -0.000125001
5.746575 -0.000126746
5.747575 -0.000126686
5.748575 -0.000128771
5.749575 -0.000139906
5.750575 -0.000137915
5.751575 -0.000159764
5.752575 -0.000164204
5.753575 -0.000167239
5.754575 -0.000158897
5.755576 -0.000165600
5.756576 -0.000167633
5.757576 -0.000168459
5.758576 -0.000156252
5.759576 -0.000144887
5.760576 -0.000144785
5.761576 -0.000131296
5.762576 -0.000149572
5.763576 -0.000132943
5.764576 -0.000126336
5.765577 -0.000131222
5.766577 -0.000135409
5.767577 -0.000134383
5.768577 -0.000132030
5.769577 -0.000153053
5.770577 -0.000147010
5.771577 -0.000173036
5.772577 -0.000171782
5.773577 -0.000183928
5.774577 -0.000178406
5.775578 -0.000187687
5.776578 -0.000180379
5.777578 -0.000181375
5.778578 -0.000160107
5.779578 -0.000160860
5.780578 -0.000140646
5.781578 -0.000143626
5.782578 -0.000137402
5.783578 -0.000121843
5.784578 -0.000135224
5.785579 -0.000123753
5.786579 -0.000119093
5.787579 -0.000128070
5.788579 -0.000135024
5.789579 -0.000145872
5.790579 -0.000146232
5.791579 -0.000150791
5.792579 -0.000171871
5.793579 -0.000172365
5.794579 -0.000171049
5.795580 -0.000162112
5.796580 -0.000161942
5.797580 -0.000151624
5.798580 -0.000136306
5.799580 -0.000141360
5.800580 -0.000124089
5.801580 -0.000119549
5.802580 -0.000117677
5.803580 -0.000113666
5.804580 -0.000108577
5.805581 -0.000107610
5.806581 -0.000111548
5.807581 -0.000112924
5.808581 -0.000115300
5.809581 -0.000121764
5.810581 -0.000129495
5.811581 -0.000143789
5.812581 -0.000144092
5.813581 -0.000153460
5.814581 -0.000154436
5.815582 -0.000146997
5.816582 -0.000142336
5.817582 -0.000137277
5.818582 -0.000135970
5.819582 -0.000130342
5.820582 -0.000120741
5.821582 -0.000112083
5.822582 -0.000106058
5.823582 -0.000096066
5.824582 -0.000105352
5.825583 -0.000096121
5.826583 -0.000105182
5.827583 -0.000108025
5.828583 -0.000110001
5.829583 -0.000123856
5.830583 -0.000134405
5.831583 -0.000133538
5.832583 -0.000131952
5.833583 -0.000140934
5.834583 -0.000155024
5.835584 -0.000157373
5.836584 -0.000146104
5.837584 -0.000149729
5.838584 -0.000147288
5.839584 -0.000127407
5.840584 -0.000130744
5.841584 -0.000110498
5.842584 -0.000108480
5.843584 -0.000116256
5.844584 -0.000100120
5.845585 -0.000113966
5.846585 -0.000103453
5.847585 -0.000112660
5.848585 -0.000111948
5.849585 -0.000120107
5.850585 -0.000129607
5.851585 -0.000149062
5.852585 -0.000148536
5.853585 -0.000163906
5.854585 -0.000156798
5.855586 -0.000150139
5.856586 -0.000167029
5.857586 -0.000158181
5.858586 -0.000151781
5.859586 -0.000146038
5.860586 -0.000134800
5.861586 -0.000132976
5.862586 -0.000127585
5.863586 -0.000131194
5.864586 -0.000119188
5.865587 -0.000114470
5.866587 -0.000122454
5.867587 -0.000118580
5.868587 -0.000131523
5.869587 -0.000135534
5.870587 -0.000137648
5.871587 -0.000152228
5.872587 -0.000170834
5.873587 -0.000173532
5.874587 -0.000170709
5.875588 -0.000159504
5.876588 -0.000165662
5.877588 -0.000162811
5.878588 -0.000153712
5.879588 -0.000141996
5.880588 -0.000140120
5.881588 -0.000129080
5.882588 -0.000119642
5.883588 -0.000123702
5.884588 -0.000118443
5.885589 -0.000109704
5.886589 -0.000117934
5.887589 -0.000118780
5.888589 -0.000126522
5.889589 -0.000132360
5.890589 -0.000134172
5.891589 -0.000139234
5.892589 -0.000151613
5.893589 -0.000151836
5.894589 -0.000160345
5.895590 -0.000161923
5.896590 -0.000159566
5.897590 -0.000142304
5.898590 -0.000137569
5.899590 -0.000126804
5.900590 -0.000117038
5.901590 -0.000111481
5.902590 -0.000104257
5.903590 -0.000094392
5.904590 -0.000103696
5.905591 -0.000089220
5.906591 -0.000101273
5.907591 -0.000101571
5.908591 -0.000100609
5.909591 -0.000117707
5.910591 -0.000119389
5.911591 -0.000120624
5.912591 -0.000130591
5.913591 -0.000139043
5.914591 -0.000137874
5.915592 -0.000141335
5.916592 -0.000130526
5.917592 -0.000128276
5.918592 -0.000121536
5.919592 -0.000113990
5.920592 -0.000105829
5.921592 -0.000083934
5.922592 -0.000093281
5.923592 -0.000088740
5.924592 -0.000081986
5.925593 -0.000084164
5.926593 -0.000084188
5.927593 -0.000083413
5.928593 -0.000092446
5.929593 -0.000112021
5.930593 -0.000105021
5.931593 -0.000122585
5.932593 -0.000123678
5.933593 -0.000130145
5.934593 -0.000125612
5.935594 -0.000130793
5.936594 -0.000127214
5.937594 -0.000120534
5.938594 -0.000124880
5.939594 -0.000115130
5.940594 -0.000104560
5.941594 -0.000097716
5.942594 -0.000092935
5.943594 -0.000085867
5.944594 -0.000088623
5.945595 -0.000092366
5.946595 -0.000093093
5.947595 -0.000102047
5.948595 -0.000103380
5.949595 -0.000120820
5.950595 -0.000119656
5.951595 -0.000137700
5.952595 -0.000134300
5.953595 -0.000143307
5.954595 -0.000142787
5.955596 -0.000143774
5.956596 -0.000142345
5.957596 -0.000145415
5.958596 -0.000122534
5.959596 -0.000128676
5.960596 -0.000115520
5.961596 -0.000104286
5.962596 -0.000099974
5.963596 -0.000106514
5.964596 -0.000096878
5.965597 -0.000102700
5.966597 -0.000106120
5.967597 -0.000107664
5.968597 -0.000102730
5.969597 -0.000127677
5.970597 -0.000127471
5.971597 -0.000140367
5.972597 -0.000151076
5.973597 -0.000150735
5.974597 -0.000145005
5.975598 -0.000154422
5.976598 -0.000150698
5.977598 -0.000142411
5.978598 -0.000137931
5.979598 -0.000127984
5.980598 -0.000125352
5.981598 -0.000111230
5.982598 -0.000103905
5.983598 -0.000096224
5.984598 -0.000097273
5.985599 -0.000096721
5.986599 -0.000106365
5.987599 -0.000100024
5.988599 -0.000106789
5.989599 -0.000122184
5.990599 -0.000120713
5.991599 -0.000136605
5.992599 -0.000137119
5.993599 -0.000143148
5.994599 -0.000140342
5.995600 -0.000137056
5.996600 -0.000131500
5.997600 -0.000128961
5.998600 -0.000121583
5.999600 -0.000106207
6.000600 -0.000112654
6.001600 -0.000097069
6.002600 -0.000084784
6.003600 -0.000081264
6.004600 -0.000081550
6.005601 -0.000090216
6.006601 -0.000086971
6.007601 -0.000084750
6.008601 -0.000089487
6.009601 -0.000097470
6.010601 -0.000100934
6.011601 -0.000110524
6.012601 -0.000108170
6.013601 -0.000116229
6.014601 -0.000116878
6.015602 -0.000123749
6.016602 -0.000119202
6.017602 -0.000107901
6.018602 -0.000106817
6.019602 -0.000099024
6.020602 -0.000074756
6.021602 -0.000080053
6.022602 -0.000065138
6.023602 -0.000064235
6.024602 -0.000063324
6.025603 -0.000068122
6.026603 -0.000061458
6.027603 -0.000068140
6.028603 -0.000075053
6.029603 -0.000084196
6.030603 -0.000084011
6.031603 -0.000104594
6.032603 -0.000104167
6.033603 -0.000106904
6.034603 -0.000099099
6.035604 -0.000109426
6.036604 -0.000099252
6.037604 -0.000098740
6.038604 -0.000091847
6.039604 -0.000089909
6.040604 -0.000077587
6.041604 -0.000085586
6.042604 -0.000070223
6.043604 -0.000071413
6.044604 -0.000065150
6.045605 -0.000068556
6.046605 -0.000065831
6.047605 -0.000071009
6.048605 -0.000079677
6.049605 -0.000091774
6.050605 -0.000112525
6.051605 -0.000113661
6.052605 -0.000109742
6.053605 -0.000114626
6.054605 -0.000112302
6.055606 -0.000119992
6.056606 -0.000117850
6.057606 -0.000115662
6.058606 -0.000113211
6.059606 -0.000106957
6.060606 -0.000105164
6.061606 -0.000094471
6.062606 -0.000080928
6.063606 -0.000081817
6.064606 -0.000086112
6.065607 -0.000084915
6.066607 -0.000083499
6.067607 -0.000094274
6.068607 -0.000093430
6.069607 -0.000103242
6.070607 -0.000110498
6.071607 -0.000116596
6.072607 -0.000122124
6.073607 -0.000124658
6.074607 -0.000128450
6.075608 -0.000115969
6.076608 -0.000131324
6.077608 -0.000115539
6.078608 -0.000115388
6.079608 -0.000105231
6.080608 -0.000091259
6.081608 -0.000093648
6.082608 -0.000069558
6.083608 -0.000077308
6.084608 -0.000077322
6.085609 -0.000079473
6.086609 -0.000082648
6.087609 -0.000073893
6.088609 -0.000083938
6.089609 -0.000096285
6.090609 -0.000103927
6.091609 -0.000108704
6.092609 -0.000106252
6.093609 -0.000113437
6.094609 -0.000105629
6.095610 -0.000098002
6.096610 -0.000109144
6.097610 -0.000102862
6.098610 -0.000105675
6.099610 -0.000090320
6.100610 -0.000075059
6.101610 -0.000065537
6.102610 -0.000065765
6.103610 -0.000054314
6.104610 -0.000052017
6.105611 -0.000047909
6.106611 -0.000053572
6.107611 -0.000063460
6.108611 -0.000058387
6.109611 -0.000069886
6.110611 -0.000070546
6.111611 -0.000081087
6.112611 -0.000076664
6.113611 -0.000080792
6.114611 -0.000085589
6.115612 -0.000089399
6.116612 -0.000084450
6.117612 -0.000087142
6.118612 -0.000068834
6.119612 -0.000056109
6.120612 -0.000045259
6.121612 -0.000049367
6.122612 -0.000044740
6.123612 -0.000042437
6.124612 -0.000032610
6.125613 -0.000040015
6.126613 -0.000034793
6.127613 -0.000042937
6.128613 -0.000043214
6.129613 -0.000059942
6.130613 -0.000063907
6.131613 -0.000068247
6.132613 -0.000077154
6.133613 -0.000084914
6.134613 -0.000086120
6.135614 -0.000083913
6.136614 -0.000078336
6.137614 -0.000078564
6.138614 -0.000064520
6.139614 -0.000064408
6.140614 -0.000061810
6.141614 -0.000057108
6.142614 -0.000049633
6.143614 -0.000050872
6.144614 -0.000044532
6.145615 -0.000035986
6.146615 -0.000039890
6.147615 -0.000049012
6.148615 -0.000059920
6.149615 -0.000062145
6.150615 -0.000068234
6.151615 -0.000079448
6.152615 -0.000087909
6.153615 -0.000100235
6.154615 -0.000097783
6.155616 -0.000098045
6.156616 -0.000086718
6.157616 -0.000088092
6.158616 -0.000089845
6.159616 -0.000083827
6.160616 -0.000076722
6.161616 -0.000065058
6.162616 -0.000055622
6.163616 -0.000050760
6.164616 -0.000060212
6.165617 -0.000058476
6.166617 -0.000063779
6.167617 -0.000064676
6.168617 -0.000071887
6.169617 -0.000079161
6.170617 -0.000090354
6.171617 -0.000096230
6.172617 -0.000093037
6.173617 -0.000105291
6.174617 -0.000108052
6.175618 -0.000112995
6.176618 -0.000109308
6.177618 -0.000101768
6.178618 -0.000093554
6.179618 -0.000089290
6.180618 -0.000078397
6.181618 -0.000062478
6.182618 -0.000059473
6.183618 -0.000044670
6.184618 -0.000040853
6.185619 -0.000047290
6.186619 -0.000054220
6.187619 -0.000055893
6.188619 -0.000061510
6.189619 -0.000082452
6.190619 -0.000067185
6.191619 -0.000083948
6.192619 -0.000082979
6.193619 -0.000075205
6.194619 -0.000078866
6.195620 -0.000082990
6.196620 -0.000094197
6.197620 -0.000072407
6.198620 -0.000079705
6.199620 -0.000064938
6.200620 -0.000058475
6.201620 -0.000037450
6.202620 -0.000032572
6.203620 -0.000028611
6.204620 -0.000016318
6.205621 -0.000020597
6.206621 -0.000030614
6.207621 -0.000032859
6.208621 -0.000046461
6.209621 -0.000054680
6.210621 -0.000048276
6.211621 -0.000067153
6.212621 -0.000061966
6.213621 -0.000077513
6.214621 -0.000062405
6.215622 -0.000068376
6.216622 -0.000067103
6.217622 -0.000058499
6.218622 -0.000042621
6.219622 -0.000044248
6.220622 -0.000027438
6.221622 -0.000018213
6.222622 -0.000017743
6.223622 -0.000013796
6.224622 -0.000009865
6.225623 -0.000017175
6.226623 -0.000009879
6.227623 -0.000025098
6.228623 -0.000015670
6.229623 -0.000042273
6.230623 -0.000045825
6.231623 -0.000044756
6.232623 -0.000047474
6.233623 -0.000063210
6.234623 -0.000064240
6.235624 -0.000061102
6.236624 -0.000057058
6.237624 -0.000057759
6.238624 -0.000049389
6.239624 -0.000042428
6.240624 -0.000027934
6.241624 -0.000026664
6.242624 -0.000019018
6.243624 -0.000017285
6.244624 -0.000004991
6.245625 -0.000015131
6.246625 -0.000019036
6.247625 -0.000028424
6.248625 -0.000026927
6.249625 -0.000030873
6.250625 -0.000046100
6.251625 -0.000054829
6.252625 -0.000071478
6.253625 -0.000067865
6.254625 -0.000061381
6.255626 -0.000075385
6.256626 -0.000064397
6.257626 -0.000074954
6.258626 -0.000065079
6.259626 -0.000055094
6.260626 -0.000040848
6.261626 -0.000037598
6.262626 -0.000032584
6.263626 -0.000025223
6.264626 -0.000027438
6.265627 -0.000029191
6.266627 -0.000032791
6.267627 -0.000036941
6.268627 -0.000033469
6.269627 -0.000063915
6.270627 -0.000053008
6.271627 -0.000055635
6.272627 -0.000075482
6.273627 -0.000066743
6.274627 -0.000071855
6.275628 -0.000077188
6.276628 -0.000071654
6.277628 -0.000075443
6.278628 -0.000056835
6.279628 -0.000040624
6.280628 -0.000036140
6.281628 -0.000040682
6.282628 -0.000014639
6.283628 -0.000028540
6.284628 -0.000027195
6.285629 -0.000019733
6.286629 -0.000023838
6.287629 -0.000019467
6.288629 -0.000022933
6.289629 -0.000037811
6.290629 -0.000048575
6.291629 -0.000055484
6.292629 -0.000061557
6.293629 -0.000056506
6.294629 -0.000064495
6.295630 -0.000068811
6.296630 -0.000059278
6.297630 -0.000054093
6.298630 -0.000047899
6.299630 -0.000024144
6.300630 -0.000023344
6.301630 -0.000015302
6.302630 -0.000007566
6.303630 -0.000003159
6.304630 -0.000003765
6.305631 0.000007531
6.306631 -0.000003464
6.307631 0.000002749
6.308631 -0.000013433
6.309631 -0.000018838
6.310631 -0.000020409
6.311631 -0.000032073
6.312631 -0.000032132
6.313631 -0.000030437
6.314631 -0.000031913
6.315632 -0.000029022
6.316632 -0.000024710
6.317632 -0.000030899
6.318632 -0.000024229
6.319632 -0.000018462
6.320632 -0.000008944
6.321632 0.000000083
6.322632 0.000009977
6.323632 0.000009411
6.324632 0.000001352
6.325633 0.000008499
6.326633 0.000004794
6.327633 0.000005350
6.328633 0.000001633
6.329633 -0.000017434
6.330633 -0.000009076
6.331633 -0.000027685
6.332633 -0.000026785
6.333633 -0.000037276
6.334633 -0.000034777
6.335634 -0.000030572
6.336634 -0.000044784
6.337634 -0.000015352
6.338634 -0.000015786
6.339634 -0.000024136
6.340634 -0.000008047
6.341634 0.000001782
6.342634 0.000008814
6.343634 0.000011195
6.344634 0.000018396
6.345635 0.000012582
6.346635 0.000003482
6.347635 -0.000002384
6.348635 -0.000007231
6.349635 -0.000020067
6.350635 -0.000024066
6.351635 -0.000024671
6.352635 -0.000038965
6.353635 -0.000036420
6.354635 -0.000047441
6.355636 -0.000051749
6.356636 -0.000042418
6.357636 -0.000037674
6.358636 -0.000039092
6.359636 -0.000027849
6.360636 -0.000003370
6.361636 0.000003116
6.362636 -0.000005562
6.363636 0.000011077
6.364636 -0.000004433
6.365637 -0.000000912
6.366637 -0.000012404
6.367637 -0.000009689
6.368637 -0.000011499
6.369637 -0.000020945
6.370637 -0.000028104
6.371637 -0.000037260
6.372637 -0.000041948
6.373637 -0.000052265
6.374637 -0.000044313
6.375638 -0.000052212
6.376638 -0.000039518
6.377638 -0.000041536
6.378638 -0.000042696
6.379638 -0.000025680
6.380638 -0.000016296
6.381638 -0.000020430
6.382638 0.000004523
6.383638 -0.000005396
6.384638 -0.000010622
6.385639 0.000005729
6.386639 0.000001916
6.387639 -0.000001443
6.388639 -0.000010111
6.389639 -0.000010074
6.390639 -0.000019740
6.391639 -0.000028160
6.392639 -0.000030178
6.393639 -0.000038670
6.394639 -0.000028064
6.395640 -0.000037104
6.396640 -0.000026259
6.397640 -0.000020737
6.398640 -0.000028677
6.399640 0.000001433
6.400640 -0.000004554
6.401640 0.000008078
6.402640 0.000016126
6.403640 0.000023552
6.404640 0.000023102
6.405641 0.000024246
6.406641 0.000024514
6.407641 0.000014094
6.408641 0.000005765
6.409641 0.000002719
6.410641 0.000000845
6.411641 -0.000008830
6.412641 -0.000017827
6.413641 -0.000006030
6.414641 -0.000018852
6.415642 -0.000010665
6.416642 -0.000000532
6.417642 0.000001145
6.418642 0.000006091
6.419642 0.000006460
6.420642 0.000020621
6.421642 0.000037957
6.422642 0.000032474
6.423642 0.000033569
6.424642 0.000049370
6.425643 0.000049501
6.426643 0.000037636
6.427643 0.000040559
6.428643 0.000022563
6.429643 0.000006983
6.430643 0.000020309
6.431643 0.000003408
6.432643 0.000002548
6.433643 -0.000010104
6.434643 -0.000002039
6.435644 -0.000006525
6.436644 -0.000004826
6.437644 0.000002555
6.438644 0.000013429
6.439644 0.000017407
6.440644 0.000022157
6.441644 0.000024970
6.442644 0.000024732
6.443644 0.000041645
6.444644 0.000035721
6.445645 0.000038756
6.446645 0.000031408
6.447645 0.000032695
6.448645 0.000028922
6.449645 0.000018774
6.450645 0.000013479
6.451645 0.000002346
6.452645 0.000001510
6.453645 -0.000007274
6.454645 -0.000014972
6.455646 -0.000009214
6.456646 -0.000010294
6.457646 -0.000014704
6.458646 -0.000011559
6.459646 0.000008447
6.460646 0.000006232
6.461646 0.000016584
6.462646 0.000010011
6.463646 0.000032252
6.464646 0.000034506
6.465647 0.000035275
6.466647 0.000035856
6.467647 0.000025663
6.468647 0.000011151
6.469647 -0.000002952
6.470647 -0.000003622
6.471647 -0.000003881
6.472647 -0.000011958
6.473647 -0.000020363
6.474647 -0.000014125
6.475648 -0.000020763
6.476648 -0.000022763
6.477648 -0.000017836
6.478648 -0.000014467
6.479648 0.000002675
6.480648 0.000019328
6.481648 0.000013776
6.482648 0.000018440
6.483648 0.000023426
6.484648 0.000039935
6.485649 0.000031418
6.486649 0.000035362
6.487649 0.000027852
6.488649 0.000019230
6.489649 0.000015302
6.490649 0.000006266
6.491649 0.000005955
6.492649 0.000000444
6.493649 0.000002318
6.494649 -0.000000531
6.495650 -0.000008146
6.496650 0.000006127
6.497650 0.000005348
6.498650 0.000011503
6.499650 0.000024184
6.500650 0.000038304
6.501650 0.000040813
6.502650 0.000048937
6.503650 0.000054576
6.504650 0.000060000
6.505651 0.000065075
6.506651 0.000061549
6.507651 0.000057966
6.508651 0.000055852
6.509651 0.000044541
6.510651 0.000041597
6.511651 0.000033905
6.512651 0.000019526
6.513651 0.000022707
6.514651 0.000020296
6.515652 0.000022278
6.516652 0.000029020
6.517652 0.000031555
6.518652 0.000041241
6.519652 0.000042934
6.520652 0.000051387
6.521652 0.000050610
6.522652 0.000059698
6.523652 0.000071045
6.524652 0.000074912
6.525653 0.000080720
6.526653 0.000064615
6.527653 0.000066991
6.528653 0.000065764
6.529653 0.000059997
6.530653 0.000049755
6.531653 0.000041761
6.532653 0.000031087
6.533653 0.000025417
6.534653 0.000029556
6.535654 0.000027563
6.536654 0.000035016
6.537654 0.000033858
6.538654 0.000041978
6.539654 0.000043686
6.540654 0.000044946
6.541654 0.000060808
6.542654 0.000070049
6.543654 0.000075594
6.544654 0.000068529
6.545655 0.000069865
6.546655 0.000070049
6.547655 0.000048529
6.548655 0.000056120
6.549655 0.000039068
6.550655 0.000035702
6.551655 0.000030284
6.552655 0.000015490
6.553655 0.000020017
6.554655 0.000016294
6.555656 0.000014621
6.556656 0.000018442
6.557656 0.000019268
6.558656 0.000042687
6.559656 0.000040061
6.560656 0.000041270
6.561656 0.000055464
6.562656 0.000055414
6.563656 0.000059179
6.564656 0.000064724
6.565657 0.000062304
6.566657 0.000051399
6.567657 0.000048359
6.568657 0.000035448
6.569657 0.000032139
6.570657 0.000030693
6.571657 0.000016168
6.572657 0.000025896
6.573657 0.000011985
6.574657 0.000000724
6.575658 0.000005839
6.576658 0.000016507
6.577658 0.000019227
6.578658 0.000019800
6.579658 0.000038365
6.580658 0.000034310
6.581658 0.000043657
6.582658 0.000053255
6.583658 0.000059584
6.584658 0.000057485
6.585659 0.000062488
6.586659 0.000057565
6.587659 0.000052473
6.588659 0.000056660
6.589659 0.000046404
6.590659 0.000042497
6.591659 0.000033054
6.592659 0.000023510
6.593659 0.000008889
6.594659 0.000013901
6.595660 0.000020193
6.596660 0.000027352
6.597660 0.000032846
6.598660 0.000049076
6.599660 0.000053938
6.600660 0.000064418
6.601660 0.000063706
6.602660 0.000077031
6.603660 0.000080933
6.604660 0.000089298
6.605661 0.000095563
6.606661 0.000073201
6.607661 0.000082558
6.608661 0.000075136
6.609661 0.000068946
6.610661 0.000061246
6.611661 0.000065498
6.612661 0.000042323
6.613661 0.000047987
6.614661 0.000050315
6.615662 0.000046519
6.616662 0.000054082
6.617662 0.000056316
6.618662 0.000058543
6.619662 0.000058590
6.620662 0.000093016
6.621662 0.000089471
6.622662 0.000090804
6.623662 0.000093622
6.624662 0.000094857
6.625663 0.000097932
6.626663 0.000102505
6.627663 0.000086115
6.628663 0.000086165
6.629663 0.000072908
6.630663 0.000069567
6.631663 0.000061472
6.632663 0.000051739
6.633663 0.000055000
6.634663 0.000048794
6.635664 0.000059588
6.636664 0.000054518
6.637664 0.000058866
6.638664 0.000071957
6.639664 0.000069209
6.640664 0.000088019
6.641664 0.000088587
6.642664 0.000091741
6.643664 0.000094581
6.644664 0.000092722
6.645665 0.000102765
6.646665 0.000092963
6.647665 0.000089092
6.648665 0.000068911
6.649665 0.000063537
6.650665 0.000056569
6.651665 0.000051980
6.652665 0.000042272
6.653665 0.000044472
6.654665 0.000045652
6.655666 0.000030973
6.656666 0.000042415
6.657666 0.000048515
6.658666 0.000057501
6.659666 0.000048790
6.660666 0.000074633
6.661666 0.000074741
6.662666 0.000080692
6.663666 0.000084051
6.664666 0.000087231
6.665667 0.000093491
6.666667 0.000075945
6.667667 0.000068850
6.668667 0.000072125
6.669667 0.000065468
6.670667 0.000057725
6.671667 0.000049834
6.672667 0.000046364
6.673667 0.000034402
6.674667 0.000037032
6.675668 0.000032503
6.676668 0.000046110
6.677668 0.000044430
6.678668 0.000061819
6.679668 0.000053382
6.680668 0.000058574
6.681668 0.000078779
6.682668 0.000084060
6.683668 0.000087433
6.684668 0.000082943
6.685669 0.000095163
6.686669 0.000086739
6.687669 0.000084271
6.688669 0.000069231
6.689669 0.000070921
6.690669 0.000063306
6.691669 0.000062940
6.692669 0.000052567
6.693669 0.000055015
6.694669 0.000055538
6.695670 0.000052581
6.696670 0.000051556
6.697670 0.000056298
6.698670 0.000072785
6.699670 0.000078731
6.700670 0.000079166
6.701670 0.000093349
6.702670 0.000101267
6.703670 0.000109205
6.704670 0.000105316
6.705671 0.000107514
6.706671 0.000111321
6.707671 0.000104021
6.708671 0.000105165
6.709671 0.000100030
6.710671 0.000101367
6.711671 0.000070998
6.712671 0.000065652
6.713671 0.000069550
6.714671 0.000073346
6.715672 0.000068138
6.716672 0.000075279
6.717672 0.000089440
6.718672 0.000081581
6.719672 0.000084934
6.720672 0.000101815
6.721672 0.000118417
6.722672 0.000105874
6.723672 0.000115661
6.724672 0.000133049
6.725673 0.000118362
6.726673 0.000125934
6.727673 0.000111281
6.728673 0.000104670
6.729673 0.000097213
6.730673 0.000090779
6.731673 0.000080492
6.732673 0.000071031
6.733673 0.000080438
6.734673 0.000077115
6.735674 0.000068255
6.736674 0.000071744
6.737674 0.000079188
6.738674 0.000088570
6.739674 0.000094082
6.740674 0.000096433
6.741674 0.000111708
6.742674 0.000115412
6.743674 0.000125832
6.744674 0.000121855
6.745675 0.000107680
6.746675 0.000108774
6.747675 0.000103406
6.748675 0.000090548
6.749675 0.000074798
6.750675 0.000082230
6.751675 0.000074218
6.752675 0.000066221
6.753675 0.000051879
6.754675 0.000043834
6.755676 0.000050745
6.756676 0.000062375
6.757676 0.000067273
6.758676 0.000059943
6.759676 0.000069997
6.760676 0.000090225
6.761676 0.000084876
6.762676 0.000096215
6.763676 0.000113608
6.764676 0.000104472
6.765677 0.000109335
6.766677 0.000101606
6.767677 0.000091124
6.768677 0.000080828
6.769677 0.000088345
6.770677 0.000066463
6.771677 0.000064256
6.772677 0.000060736
6.773677 0.000052216
6.774677 0.000057776
6.775678 0.000048056
6.776678 0.000059652
6.777678 0.000060098
6.778678 0.000065550
6.779678 0.000077984
6.780678 0.000087618
6.781678 0.000085483
6.782678 0.000099526
6.783678 0.000114804
6.784678 0.000108497
6.785679 0.000113751
6.786679 0.000101530
6.787679 0.000106081
6.788679 0.000091395
6.789679 0.000088050
6.790679 0.000080929
6.791679 0.000080920
6.792679 0.000071724
6.793679 0.000070408
6.794679 0.000063036
6.795680 0.000073204
6.796680 0.000070493
6.797680 0.000080684
6.798680 0.000087772
6.799680 0.000094041
6.800680 0.000101192
6.801680 0.000118063
6.802680 0.000127962
6.803680 0.000126737
6.804680 0.000129170
6.805681 0.000140223
6.806681 0.000124060
6.807681 0.000130952
6.808681 0.000123574
6.809681 0.000103947
6.810681 0.000108244
6.811681 0.000101108
6.812681 0.000104004
6.813681 0.000093377
6.814681 0.000086621
6.815682 0.000090357
6.816682 0.000091224
6.817682 0.000097812
6.818682 0.000106199
6.819682 0.000106488
6.820682 0.000129886
6.821682 0.000129400
6.822682 0.000137225
6.823682 0.000139395
6.824682 0.000141898
6.825683 0.000144800
6.826683 0.000149552
6.827683 0.000133877
6.828683 0.000126994
6.829683 0.000141386
6.830683 0.000112656
6.831683 0.000110131
6.832683 0.000110565
6.833683 0.000090673
6.834683 0.000107163
6.835684 0.000097380
6.836684 0.000117503
6.837684 0.000106527
6.838684 0.000114332
6.839684 0.000117204
6.840684 0.000118130
6.841684 0.000129856
6.842684 0.000148534
6.843684 0.000140969
6.844684 0.000146978
6.845685 0.000137636
6.846685 0.000145580
6.847685 0.000126320
6.848685 0.000130221
6.849685 0.000116314
6.850685 0.000111299
6.851685 0.000101507
6.852685 0.000086433
6.853685 0.000083404
6.854685 0.000074883
6.855686 0.000073115
6.856686 0.000084324
6.857686 0.000085315
6.858686 0.000094520
6.859686 0.000088928
6.860686 0.000097698
6.861686 0.000107954
6.862686 0.000115840
6.863686 0.000125501
6.864686 0.000116992
6.865687 0.000128326
6.866687 0.000123218
6.867687 0.000119860
6.868687 0.000120047
6.869687 0.000115392
6.870687 0.000105910
6.871687 0.000095549
6.872687 0.000081477
6.873687 0.000086919
6.874687 0.000076033
6.875688 0.000081008
6.876688 0.000078572
6.877688 0.000087727
6.878688 0.000095854
6.879688 0.000098400
6.880688 0.000112927
6.881688 0.000120047
6.882688 0.000123314
6.883688 0.000131317
6.884688 0.000140670
6.885689 0.000134648
6.886689 0.000135304
6.887689 0.000129098
6.888689 0.000121609
6.889689 0.000120560
6.890689 0.000111675
6.891689 0.000110923
6.892689 0.000093715
6.893689 0.000084907
6.894689 0.000097603
6.895690 0.000088443
6.896690 0.000098266
6.897690 0.000098338
6.898690 0.000109880
6.899690 0.000115675
6.900690 0.000126442
6.901690 0.000134573
6.902690 0.000131488
6.903690 0.000151036
6.904690 0.000148306
6.905691 0.000147266
6.906691 0.000148858
6.907691 0.000137818
6.908691 0.000136930
6.909691 0.000129355
6.910691 0.000117269
6.911691 0.000117745
6.912691 0.000098969
6.913691 0.000108715
6.914691 0.000103758
6.915692 0.000103345
6.916692 0.000102533
6.917692 0.000099458
6.918692 0.000122537
6.919692 0.000124445
6.920692 0.000132535
6.921692 0.000135521
6.922692 0.000155718
6.923692 0.000152652
6.924692 0.000159191
6.925693 0.000156836
6.926693 0.000150679
6.927693 0.000145056
6.928693 0.000132735
6.929693 0.000137601
6.930693 0.000129815
6.931693 0.000113175
6.932693 0.000118664
6.933693 0.000111741
6.934693 0.000096105
6.935694 0.000109975
6.936694 0.000109255
6.937694 0.000109775
6.938694 0.000115677
6.939694 0.000122089
6.940694 0.000125831
6.941694 0.000143965
6.942694 0.000153529
6.943694 0.000143503
6.944694 0.000160044
6.945695 0.000168543
6.946695 0.000149515
6.947695 0.000142848
6.948695 0.000136568
6.949695 0.000117645
6.950695 0.000110681
6.951695 0.000103382
6.952695 0.000097321
6.953695 0.000093790
6.954695 0.000090685
6.955696 0.000084598
6.956696 0.000097906
6.957696 0.000094406
6.958696 0.000108996
6.959696 0.000116443
6.960696 0.000114925
6.961696 0.000123064
6.962696 0.000131343
6.963696 0.000146203
6.964696 0.000141689
6.965697 0.000132037
6.966697 0.000131504
6.967697 0.000138889
6.968697 0.000124983
6.969697 0.000108237
6.970697 0.000111586
6.971697 0.000099373
6.972697 0.000093053
6.973697 0.000091959
6.974697 0.000092444
6.975698 0.000095848
6.976698 0.000101740
6.977698 0.000109286
6.978698 0.000109482
6.979698 0.000117135
6.980698 0.000125579
6.981698 0.000131300
6.982698 0.000146457
6.983698 0.000144952
6.984698 0.000155042
6.985699 0.000150255
6.986699 0.000143797
6.987699 0.000135233
6.988699 0.000133796
6.989699 0.000129200
6.990699 0.000120639
6.991699 0.000114087
6.992699 0.000119102
6.993699 0.000091929
6.994699 0.000096172
6.995700 0.000105123
6.996700 0.000105843
6.997700 0.000116724
6.998700 0.000117761
6.999700 0.000130670
7.000700 0.000140319
7.001700 0.000157731
7.002700 0.000147965
7.003700 0.000154244
7.004700 0.000164054
7.005701 0.000154122
7.006701 0.000145608
7.007701 0.000146126
7.008701 0.000141731
7.009701 0.000136959
7.010701 0.000142182
7.011701 0.000130471
7.012701 0.000118673
7.013701 0.000119348
7.014701 0.000115335
7.015702 0.000107591
7.016702 0.000112267
7.017702 0.000115525
7.018702 0.000129429
7.019702 0.000136317
7.020702 0.000146356
7.021702 0.000151448
7.022702 0.000157153
7.023702 0.000169371
7.024702 0.000164820
7.025703 0.000164158
7.026703 0.000161825
7.027703 0.000159330
7.028703 0.000152438
7.029703 0.000148873
7.030703 0.000131440
7.031703 0.000131720
7.032703 0.000120124
7.033703 0.000122412
7.034703 0.000112862
7.035704 0.000125730
7.036704 0.000125966
7.037704 0.000127154
7.038704 0.000127858
7.039704 0.000146508
7.040704 0.000156633
7.041704 0.000165373
7.042704 0.000163519
7.043704 0.000159657
7.044704 0.000172085
7.045705 0.000165308
7.046705 0.000161441
7.047705 0.000158140
7.048705 0.000153267
7.049705 0.000145167
7.050705 0.000132692
7.051705 0.000137424
7.052705 0.000123720
7.053705 0.000119719
7.054705 0.000117034
7.055706 0.000107389
7.056706 0.000116753
7.057706 0.000126593
7.058706 0.000132785
7.059706 0.000144112
7.060706 0.000131681
7.061706 0.000161104
7.062706 0.000158358
7.063706 0.000166650
7.064706 0.000155395
7.065707 0.000168828
7.066707 0.000166928
7.067707 0.000158055
7.068707 0.000150788
7.069707 0.000131267
7.070707 0.000127613
7.071707 0.000108884
7.072707 0.000118080
7.073707 0.000112054
7.074707 0.000111726
7.075708 0.000114968
7.076708 0.000106083
7.077708 0.000112312
7.078708 0.000135270
7.079708 0.000136761
7.080708 0.000139110
7.081708 0.000144223
7.082708 0.000161919
7.083708 0.000157660
7.084708 0.000166867
7.085709 0.000161098
7.086709 0.000174508
7.087709 0.000154987
7.088709 0.000152869
7.089709 0.000150599
7.090709 0.000125323
7.091709 0.000130346
7.092709 0.000125493
7.093709 0.000125010
7.094709 0.000111269
7.095710 0.000117756
7.096710 0.000123862
7.097710 0.000139205
7.098710 0.000141109
7.099710 0.000142046
7.100710 0.000155427
7.101710 0.000157873
7.102710 0.000166217
7.103710 0.000175119
7.104710 0.000173148
7.105711 0.000173176
7.106711 0.000167589
7.107711 0.000158062
7.108711 0.000160703
7.109711 0.000151213
7.110711 0.000131551
7.111711 0.000142966
7.112711 0.000135809
7.113711 0.000136187
7.114711 0.000115606
7.115712 0.000132128
7.116712 0.000127788
7.117712 0.000131028
7.118712 0.000136640
7.119712 0.000153127
7.120712 0.000157103
7.121712 0.000164387
7.122712 0.000172506
7.123712 0.000180450
7.124712 0.000178981
7.125713 0.000191441
7.126713 0.000181023
7.127713 0.000167334
7.128713 0.000161829
7.129713 0.000155001
7.130713 0.000139256
7.131713 0.000136304
7.132713 0.000133458
7.133713 0.000126895
7.134713 0.000127933
7.135714 0.000131608
7.136714 0.000126257
7.137714 0.000143640
7.138714 0.000152788
7.139714 0.000157601
7.140714 0.000161440
7.141714 0.000155957
7.142714 0.000166974
7.143714 0.000175313
7.144714 0.000181122
7.145715 0.000179520
7.146715 0.000183357
7.147715 0.000171675
7.148715 0.000164305
7.149715 0.000160119
7.150715 0.000158028
7.151715 0.000137194
7.152715 0.000134765
7.153715 0.000135050
7.154715 0.000121223
7.155716 0.000122771
7.156716 0.000136310
7.157716 0.000134775
7.158716 0.000146714
7.159716 0.000147543
7.160716 0.000162148
7.161716 0.000163527
7.162716 0.000169700
7.163716 0.000176475
7.164716 0.000187449
7.165717 0.000174987
7.166717 0.000172921
7.167717 0.000166065
7.168717 0.000148345
7.169717 0.000154472
7.170717 0.000151161
7.171717 0.000134336
7.172717 0.000133836
7.173717 0.000125304
7.174717 0.000139329
7.175718 0.000121819
7.176718 0.000124236
7.177718 0.000137439
7.178718 0.000136828
7.179718 0.000140717
7.180718 0.000153842
7.181718 0.000157321
7.182718 0.000152706
7.183718 0.000176096
7.184718 0.000176410
7.185719 0.000168717
7.186719 0.000167633
7.187719 0.000167581
7.188719 0.000169978
7.189719 0.000146312
7.190719 0.000142542
7.191719 0.000133753
7.192719 0.000135164
7.193719 0.000127068
7.194719 0.000121412
7.195720 0.000135930
7.196720 0.000129835
7.197720 0.000142001
7.198720 0.000137528
7.199720 0.000146458
7.200720 0.000162719
7.201720 0.000166529
7.202720 0.000179034
7.203720 0.000172797
7.204720 0.000182232
7.205721 0.000173303
7.206721 0.000175375
7.207721 0.000185908
7.208721 0.000163418
7.209721 0.000172384
7.210721 0.000158426
7.211721 0.000151206
7.212721 0.000127512
7.213721 0.000133898
7.214721 0.000132806
7.215722 0.000130313
7.216722 0.000132004
7.217722 0.000143340
7.218722 0.000155718
7.219722 0.000164200
7.220722 0.000163605
7.221722 0.000164147
7.222722 0.000182324
7.223722 0.000183573
7.224722 0.000186081
7.225723 0.000187533
7.226723 0.000182869
7.227723 0.000180469
7.228723 0.000169559
7.229723 0.000160855
7.230723 0.000149592
7.231723 0.000139917
7.232723 0.000139542
7.233723 0.000134645
7.234723 0.000134484
7.235724 0.000139567
7.236724 0.000136187
7.237724 0.000136069
7.238724 0.000141389
7.239724 0.000149881
7.240724 0.000161334
7.241724 0.000176783
7.242724 0.000185468
7.243724 0.000176735
7.244724 0.000175673
7.245725 0.000168768
7.246725 0.000174282
7.247725 0.000173187
7.248725 0.000161783
7.249725 0.000164059
7.250725 0.000162080
7.251725 0.000140263
7.252725 0.000131716
7.253725 0.000125412
7.254725 0.000122794
7.255726 0.000136282
7.256726 0.000128936
7.257726 0.000134167
7.258726 0.000147267
7.259726 0.000154599
7.260726 0.000160300
7.261726 0.000172159
7.262726 0.000178657
7.263726 0.000179566
7.264726 0.000182433
7.265727 0.000178869
7.266727 0.000178056
7.267727 0.000166016
7.268727 0.000157970
7.269727 0.000154826
7.270727 0.000152474
7.271727 0.000135467
7.272727 0.000128733
7.273727 0.000130094
7.274727 0.000126621
7.275728 0.000114773
7.276728 0.000131301
7.277728 0.000137251
7.278728 0.000144130
7.279728 0.000143998
7.280728 0.000152586
7.281728 0.000160195
7.282728 0.000169747
7.283728 0.000174155
7.284728 0.000175001
7.285729 0.000178665
7.286729 0.000175577
7.287729 0.000168132
7.288729 0.000169046
7.289729 0.000157559
7.290729 0.000144413
7.291729 0.000133867
7.292729 0.000134362
7.293729 0.000125487
7.294729 0.000121068
7.295730 0.000131702
7.296730 0.000136259
7.297730 0.000138202
7.298730 0.000140288
7.299730 0.000141199
7.300730 0.000149737
7.301730 0.000161899
7.302730 0.000170760
7.303730 0.000183564
7.304730 0.000181084
7.305731 0.000179882
7.306731 0.000188083
7.307731 0.000177729
7.308731 0.000166508
7.309731 0.000167973
7.310731 0.000150370
7.311731 0.000139793
7.312731 0.000139809
7.313731 0.000138846
7.314731 0.000136623
7.315732 0.000139458
7.316732 0.000137659
7.317732 0.000139486
7.318732 0.000144548
7.319732 0.000149269
7.320732 0.000158144
7.321732 0.000159110
7.322732 0.000171471
7.323732 0.000172796
7.324732 0.000185811
7.325733 0.000178715
7.326733 0.000176473
7.327733 0.000174733
7.328733 0.000163343
7.329733 0.000162605
7.330733 0.000147978
7.331733 0.000142224
7.332733 0.000135448
7.333733 0.000129157
7.334733 0.000127231
7.335734 0.000134583
7.336734 0.000132322
7.337734 0.000136371
7.338734 0.000143950
7.339734 0.000146058
7.340734 0.000154745
7.341734 0.000155652
7.342734 0.000173242
7.343734 0.000171874
7.344734 0.000174646
7.345735 0.000171064
7.346735 0.000168035
7.347735 0.000152338
7.348735 0.000152953
7.349735 0.000141565
7.350735 0.000138291
7.351735 0.000134920
7.352735 0.000128871
7.353735 0.000126694
7.354735 0.000131097
7.355736 0.000113493
7.356736 0.000122427
7.357736 0.000130339
7.358736 0.000127137
7.359736 0.000133572
7.360736 0.000145916
7.361736 0.000155732
7.362736 0.000162173
7.363736 0.000162306
7.364736 0.000171934
7.365737 0.000172758
7.366737 0.000175397
7.367737 0.000157215
7.368737 0.000146925
7.369737 0.000142096
7.370737 0.000136073
7.371737 0.000122520
7.372737 0.000116361
7.373737 0.000120535
7.374737 0.000120760
7.375738 0.000113987
7.376738 0.000124282
7.377738 0.000124803
7.378738 0.000121151
7.379738 0.000130777
7.380738 0.000146666
7.381738 0.000150195
7.382738 0.000164434
7.383738 0.000159522
7.384738 0.000156965
7.385739 0.000160667
7.386739 0.000154244
7.387739 0.000167332
7.388739 0.000147544
7.389739 0.000140677
7.390739 0.000134125
7.391739 0.000122832
7.392739 0.000122955
7.393739 0.000116668
7.394739 0.000115784
7.395740 0.000108509
7.396740 0.000109513
7.397740 0.000128281
7.398740 0.000138149
7.399740 0.000145503
7.400740 0.000155758
7.401740 0.000154385
7.402740 0.000165116
7.403740 0.000176861
7.404740 0.000174085
7.405741 0.000173573
7.406741 0.000170080
7.407741 0.000161465
7.408741 0.000145371
7.409741 0.000145442
7.410741 0.000135650
7.411741 0.000133354
7.412741 0.000111206
7.413741 0.000130421
7.414741 0.000126523
7.415742 0.000125396
7.416742 0.000114130
7.417742 0.000119096
7.418742 0.000126511
7.419742 0.000135151
7.420742 0.000143385
7.421742 0.000152026
7.422742 0.000147383
7.423742 0.000157734
7.424742 0.000163029
7.425743 0.000147640
7.426743 0.000150344
7.427743 0.000150634
7.428743 0.000146195
7.429743 0.000137152
7.430743 0.000134243
7.431743 0.000127302
7.432743 0.000122635
7.433743 0.000115941
7.434743 0.000099855
7.435744 0.000108831
7.436744 0.000115413
7.437744 0.000114488
7.438744 0.000129405
7.439744 0.000127280
7.440744 0.000144551
7.441744 0.000150635
7.442744 0.000154217
7.443744 0.000158768
7.444744 0.000152916
7.445745 0.000159010
7.446745 0.000166736
7.447745 0.000144435
7.448745 0.000150016
7.449745 0.000139413
7.450745 0.000119969
7.451745 0.000124134
7.452745 0.000114761
7.453745 0.000110762
7.454745 0.000113583
7.455746 0.000116118
7.456746 0.000119972
7.457746 0.000126806
7.458746 0.000130387
7.459746 0.000132264
7.460746 0.000155603
7.461746 0.000160200
7.462746 0.000150171
7.463746 0.000158191
7.464746 0.000164475
7.465747 0.000161149
7.466747 0.000163792
7.467747 0.000152454
7.468747 0.000144048
7.469747 0.000130689
7.470747 0.000126945
7.471747 0.000113717
7.472747 0.000116405
7.473747 0.000107524
7.474747 0.000113883
7.475748 0.000099829
7.476748 0.000112613
7.477748 0.000120053
7.478748 0.000129782
7.479748 0.000133082
7.480748 0.000149621
7.481748 0.000148925
7.482748 0.000166059
7.483748 0.000147912
7.484748 0.000163163
7.485749 0.000155980
7.486749 0.000151862
7.487749 0.000144850
7.488749 0.000143520
7.489749 0.000144368
7.490749 0.000126511
7.491749 0.000109367
7.492749 0.000108050
7.493749 0.000114825
7.494749 0.000092939
7.495750 0.000107988
7.496750 0.000104667
7.497750 0.000113802
7.498750 0.000127889
7.499750 0.000135305
7.500750 0.000122108
7.501750 0.000150022
7.502750 0.000152278
7.503750 0.000145956
7.504750 0.000158615
7.505751 0.000164217
7.506751 0.000148970
7.507751 0.000141307
7.508751 0.000146280
7.509751 0.000136481
7.510751 0.000117436
7.511751 0.000114561
7.512751 0.000110019
7.513751 0.000100729
7.514751 0.000100910
7.515752 0.000102125
7.516752 0.000109343
7.517752 0.000105564
7.518752 0.000127040
7.519752 0.000122378
7.520752 0.000127709
7.521752 0.000134531
7.522752 0.000141816
7.523752 0.000145920
7.524752 0.000154959
7.525753 0.000144991
7.526753 0.000153974
7.527753 0.000154709
7.528753 0.000136145
7.529753 0.000137847
7.530753 0.000116075
7.531753 0.000101017
7.532753 0.000092167
7.533753 0.000103989
7.534753 0.000097395
7.535754 0.000104326
7.536754 0.000102610
7.537754 0.000108486
7.538754 0.000112591
7.539754 0.000113842
7.540754 0.000121024
7.541754 0.000132877
7.542754 0.000140651
7.543754 0.000157089
7.544754 0.000141677
7.545755 0.000144828
7.546755 0.000144623
7.547755 0.000146166
7.548755 0.000137978
7.549755 0.000133691
7.550755 0.000125904
7.551755 0.000115656
7.552755 0.000109286
7.553755 0.000102028
7.554755 0.000103371
7.555756 0.000109340
7.556756 0.000109563
7.557756 0.000112324
7.558756 0.000115258
7.559756 0.000113563
7.560756 0.000128103
7.561756 0.000145097
7.562756 0.000147941
7.563756 0.000156873
7.564756 0.000154309
7.565757 0.000154381
7.566757 0.000154193
7.567757 0.000152846
7.568757 0.000140910
7.569757 0.000131284
7.570757 0.000125591
7.571757 0.000107428
7.572757 0.000105713
7.573757 0.000095137
7.574757 0.000103925
7.575758 0.000103119
7.576758 0.000101769
7.577758 0.000110970
7.578758 0.000116401
7.579758 0.000115122
7.580758 0.000131074
7.581758 0.000131582
7.582758 0.000142693
7.583758 0.000146539
7.584758 0.000143250
7.585759 0.000153714
7.586759 0.000138828
7.587759 0.000135048
7.588759 0.000125414
7.589759 0.000124340
7.590759 0.000109124
7.591759 0.000113744
7.592759 0.000107144
7.593759 0.000113834
7.594759 0.000103066
7.595760 0.000094753
7.596760 0.000087960
7.597760 0.000094110
7.598760 0.000109379
7.599760 0.000106681
7.600760 0.000123939
7.601760 0.000132238
7.602760 0.000146331
7.603760 0.000143194
7.604760 0.000135453
7.605761 0.000137147
7.606761 0.000132123
7.607761 0.000135649
7.608761 0.000124903
7.609761 0.000120020
7.610761 0.000103884
7.611761 0.000104051
7.612761 0.000098995
7.613761 0.000086281
7.614761 0.000083224
7.615762 0.000087771
7.616762 0.000092944
7.617762 0.000092873
7.618762 0.000100176
7.619762 0.000114125
7.620762 0.000116988
7.621762 0.000120515
7.622762 0.000132211
7.623762 0.000135660
7.624762 0.000140218
7.625763 0.000131221
7.626763 0.000135849
7.627763 0.000135765
7.628763 0.000117367
7.629763 0.000097194
7.630763 0.000114276
7.631763 0.000096072
7.632763 0.000094111
7.633763 0.000085975
7.634763 0.000082226
7.635764 0.000075367
7.636764 0.000088461
7.637764 0.000086736
7.638764 0.000093335
7.639764 0.000110430
7.640764 0.000117182
7.641764 0.000118198
7.642764 0.000123295
7.643764 0.000129190
7.644764 0.000131735
7.645765 0.000134776
7.646765 0.000130175
7.647765 0.000120610
7.648765 0.000114339
7.649765 0.000102317
7.650765 0.000103990
7.651765 0.000101929
7.652765 0.000081131
7.653765 0.000089303
7.654765 0.000082628
7.655766 0.000099851
7.656766 0.000081841
7.657766 0.000092822
7.658766 0.000098873
7.659766 0.000108628
7.660766 0.000117967
7.661766 0.000117428
7.662766 0.000130804
7.663766 0.000127511
7.664766 0.000138938
7.665767 0.000124881
7.666767 0.000130424
7.667767 0.000122570
7.668767 0.000106869
7.669767 0.000103539
7.670767 0.000099636
7.671767 0.000094448
7.672767 0.000090191
7.673767 0.000075168
7.674767 0.000079109
7.675768 0.000073546
7.676768 0.000086840
7.677768 0.000089754
7.678768 0.000094665
7.679768 0.000099704
7.680768 0.000114210
7.681768 0.000120122
7.682768 0.000122464
7.683768 0.000127254
7.684768 0.000130547
7.685769 0.000135919
7.686769 0.000125269
7.687769 0.000120231
7.688769 0.000111529
7.689769 0.000106062
7.690769 0.000092616
7.691769 0.000092538
7.692769 0.000073968
7.693769 0.000081467
7.694769 0.000073478
7.695770 0.000067756
7.696770 0.000068965
7.697770 0.000088800
7.698770 0.000087065
7.699770 0.000092548
7.700770 0.000097571
7.701770 0.000101853
7.702770 0.000115508
7.703770 0.000122641
7.704770 0.000120663
7.705771 0.000116718
7.706771 0.000111932
7.707771 0.000118106
7.708771 0.000104868
7.709771 0.000090885
7.710771 0.000079870
7.711771 0.000072139
7.712771 0.000066708
7.713771 0.000075478
7.714771 0.000072590
7.715772 0.000072931
7.716772 0.000071959
7.717772 0.000073117
7.718772 0.000080513
7.719772 0.000086237
7.720772 0.000091784
7.721772 0.000095947
7.722772 0.000106887
7.723772 0.000112773
7.724772 0.000112614
7.725773 0.000113285
7.726773 0.000117758
7.727773 0.000101753
7.728773 0.000094000
7.729773 0.000080236
7.730773 0.000085699
7.731773 0.000073306
7.732773 0.000063745
7.733773 0.000057726
7.734773 0.000053425
7.735774 0.000062921
7.736774 0.000066631
7.737774 0.000064272
7.738774 0.000092440
7.739774 0.000091203
7.740774 0.000096728
7.741774 0.000106768
7.742774 0.000109643
7.743774 0.000110871
7.744774 0.000116637
7.745775 0.000116395
7.746775 0.000104463
7.747775 0.000100821
7.748775 0.000090579
7.749775 0.000089972
7.750775 0.000078270
7.751775 0.000075996
7.752775 0.000062438
7.753775 0.000066864
7.754775 0.000064980
7.755776 0.000066153
7.756776 0.000062477
7.757776 0.000062721
7.758776 0.000068993
7.759776 0.000084749
7.760776 0.000088034
7.761776 0.000105646
7.762776 0.000105452
7.763776 0.000108140
7.764776 0.000111005
7.765777 0.000110584
7.766777 0.000117218
7.767777 0.000104150
7.768777 0.000092304
7.769777 0.000082208
7.770777 0.000085186
7.771777 0.000071716
7.772777 0.000059865
7.773777 0.000054172
7.774777 0.000052918
7.775778 0.000061334
7.776778 0.000056188
7.777778 0.000066046
7.778778 0.000073720
7.779778 0.000076787
7.780778 0.000073328
7.781778 0.000091534
7.782778 0.000098200
7.783778 0.000101055
7.784778 0.000104759
7.785779 0.000093079
7.786779 0.000093128
7.787779 0.000097344
7.788779 0.000088498
7.789779 0.000074625
7.790779 0.000073674
7.791779 0.000068791
7.792779 0.000060636
7.793779 0.000049181
7.794779 0.000062858
7.795780 0.000059447
7.796780 0.000057234
7.797780 0.000055762
7.798780 0.000062358
7.799780 0.000076865
7.800780 0.000072222
7.801780 0.000091129
7.802780 0.000095845
7.803780 0.000086220
7.804780 0.000099837
7.805781 0.000092939
7.806781 0.000090463
7.807781 0.000079875
7.808781 0.000077366
7.809781 0.000075137
7.810781 0.000063252
7.811781 0.000062277
7.812781 0.000050165
7.813781 0.000043093
7.814781 0.000039915
7.815782 0.000039808
7.816782 0.000043333
7.817782 0.000053032
7.818782 0.000054538
7.819782 0.000061826
7.820782 0.000062319
7.821782 0.000065471
7.822782 0.000072867
7.823782 0.000085802
7.824782 0.000084691
7.825783 0.000085150
7.826783 0.000077160
7.827783 0.000073729
7.828783 0.000068093
7.829783 0.000050125
7.830783 0.000054998
7.831783 0.000054878
7.832783 0.000036247
7.833783 0.000031026
7.834783 0.000030742
7.835784 0.000028302
7.836784 0.000041988
7.837784 0.000051493
7.838784 0.000034225
7.839784 0.000052122
7.840784 0.000054890
7.841784 0.000077518
7.842784 0.000080903
7.843784 0.000071971
7.844784 0.000075370
7.845785 0.000089158
7.846785 0.000080274
7.847785 0.000074546
7.848785 0.000065721
7.849785 0.000072995
7.850785 0.000060717
7.851785 0.000055526
7.852785 0.000041846
7.853785 0.000038079
7.854785 0.000033567
7.855786 0.000040592
7.856786 0.000046621
7.857786 0.000046992
7.858786 0.000050439
7.859786 0.000056415
7.860786 0.000060187
7.861786 0.000073135
7.862786 0.000082634
7.863786 0.000086169
7.864786 0.000085982
7.865787 0.000083642
7.866787 0.000084249
7.867787 0.000072675
7.868787 0.000070068
7.869787 0.000062640
7.870787 0.000054685
7.871787 0.000036319
7.872787 0.000031397
7.873787 0.000034153
7.874787 0.000034209
7.875788 0.000032988
7.876788 0.000043906
7.877788 0.000053902
7.878788 0.000053817
7.879788 0.000057505
7.880788 0.000067697
7.881788 0.000073061
7.882788 0.000071134
7.883788 0.000082049
7.884788 0.000086451
7.885789 0.000072774
7.886789 0.000077234
7.887789 0.000071403
7.888789 0.000071493
7.889789 0.000058385
7.890789 0.000041031
7.891789 0.000028717
7.892789 0.000033970
7.893789 0.000029939
7.894789 0.000027574
7.895790 0.000017466
7.896790 0.000028144
7.897790 0.000044140
7.898790 0.000049942
7.899790 0.000050263
7.900790 0.000057763
7.901790 0.000055878
7.902790 0.000069951
7.903790 0.000077459
7.904790 0.000074371
7.905791 0.000065309
7.906791 0.000070653
7.907791 0.000071754
7.908791 0.000049339
7.909791 0.000045396
7.910791 0.000025583
7.911791 0.000022511
7.912791 0.000023013
7.913791 0.000017237
7.914791 0.000011086
7.915792 0.000006283
7.916792 0.000016103
7.917792 0.000016056
7.918792 0.000032689
7.919792 0.000033143
7.920792 0.000043875
7.921792 0.000051995
7.922792 0.000050518
7.923792 0.000056232
7.924792 0.000055079
7.925793 0.000056990
7.926793 0.000053782
7.927793 0.000045702
7.928793 0.000036907
7.929793 0.000025274
7.930793 0.000023438
7.931793 0.000013061
7.932793 0.000020065
7.933793 0.000002966
7.934793 -0.000001293
7.935794 0.000008689
7.936794 0.000004940
7.937794 0.000016317
7.938794 0.000021164
7.939794 0.000030250
7.940794 0.000048251
7.941794 0.000055599
7.942794 0.000057059
7.943794 0.000059688
7.944794 0.000066180
7.945795 0.000053065
7.946795 0.000060872
7.947795 0.000052153
7.948795 0.000040942
7.949795 0.000040143
7.950795 0.000024752
7.951795 0.000016202
7.952795 0.000005832
7.953795 0.000017072
7.954795 0.000020587
7.955796 0.000008945
7.956796 0.000016569
7.957796 0.000021664
7.958796 0.000025421
7.959796 0.000041333
7.960796 0.000038760
7.961796 0.000054051
7.962796 0.000052574
7.963796 0.000057081
7.964796 0.000064616
7.965797 0.000063524
7.966797 0.000057559
7.967797 0.000046766
7.968797 0.000038067
7.969797 0.000035515
7.970797 0.000026264
7.971797 0.000021155
7.972797 0.000028049
7.973797 0.000014096
7.974797 0.000019353
7.975798 0.000011208
7.976798 0.000018321
7.977798 0.000022285
7.978798 0.000030296
7.979798 0.000040744
7.980798 0.000034893
7.981798 0.000039426
7.982798 0.000048868
7.983798 0.000055767
7.984798 0.000051211
7.985799 0.000064304
7.986799 0.000050437
7.987799 0.000054502
7.988799 0.000042545
7.989799 0.000029658
7.990799 0.000013780
7.991799 0.000009013
7.992799 0.000001780
7.993799 -0.000000958
7.994799 0.000000287
7.995800 -0.000000568
7.996800 0.000002001
7.997800 0.000000085
7.998800 0.000010073
7.999800 0.000017279
8.000800 0.000021247
8.001800 0.000033349
8.002800 0.000036615
8.003800 0.000033017
8.004800 0.000036941
8.005801 0.000036303
8.006801 0.000024084
8.007801 0.000029459
8.008801 0.000013522
8.009801 0.000011206
8.010801 0.000001106
8.011801 -0.000015735
8.012801 -0.000009970
8.013801 -0.000002958
8.014801 -0.000012754
8.015802 -0.000018052
8.016802 -0.000021334
8.017802 -0.000020982
8.018802 -0.000013431
8.019802 0.000004333
8.020802 0.000010401
8.021802 0.000008473
8.022802 0.000030561
8.023802 0.000026515
8.024802 0.000019936
8.025803 0.000013129
8.026803 0.000007532
8.027803 0.000004054
8.028803 0.000006041
8.029803 -0.000006000
8.030803 -0.000011203
8.031803 -0.000023636
8.032803 -0.000014570
8.033803 -0.000017086
8.034803 -0.000024220
8.035804 -0.000022163
8.036804 -0.000010101
8.037804 -0.000010007
8.038804 -0.000012612
8.039804 0.000009266
8.040804 0.000021121
8.041804 0.000031129
8.042804 0.000019529
8.043804 0.000025608
8.044804 0.000031615
8.045805 0.000021614
8.046805 0.000027606
8.047805 0.000020816
8.048805 0.000017058
8.049805 0.000003912
8.050805 -0.000009464
8.051805 -0.000008409
8.052805 -0.000013643
8.053805 -0.000018084
8.054805 -0.000024213
8.055806 -0.000019066
8.056806 -0.000013745
8.057806 -0.000010646
8.058806 -0.000001750
8.059806 0.000005496
8.060806 0.000011646
8.061806 0.000025861
8.062806 0.000034465
8.063806 0.000035297
8.064806 0.000038285
8.065807 0.000047352
8.066807 0.000034960
8.067807 0.000027545
8.068807 0.000012516
8.069807 0.000004342
8.070807 0.000008956
8.071807 -0.000001977
8.072807 0.000002363
8.073807 -0.000010026
8.074807 -0.000014998
8.075808 -0.000008715
8.076808 -0.000015790
8.077808 -0.000003928
8.078808 0.000003844
8.079808 -0.000002478
8.080808 0.000008440
8.081808 0.000019313
8.082808 0.000027242
8.083808 0.000022335
8.084808 0.000027425
8.085809 0.000023805
8.086809 0.000027210
8.087809 0.000022988
8.088809 0.000005307
8.089809 -0.000007947
8.090809 -0.000005616
8.091809 -0.000010734
8.092809 -0.000016359
8.093809 -0.000016769
8.094809 -0.000046074
8.095810 -0.000036071
8.096810 -0.000025785
8.097810 -0.000013779
8.098810 -0.000015328
8.099810 -0.000010213
8.100810 -0.000003621
8.101810 0.000005599
8.102810 0.000002629
8.103810 0.000011668
8.104810 0.000012037
8.105811 0.000009265
8.106811 0.000008160
8.107811 0.000007111
8.108811 -0.000003077
8.109811 -0.000021324
8.110811 -0.000028802
8.111811 -0.000028200
8.112811 -0.000026766
8.113811 -0.000044394
8.114811 -0.000035295
8.115812 -0.000042044
8.116812 -0.000040458
8.117812 -0.000037375
8.118812 -0.000039048
8.119812 -0.000040331
8.120812 -0.000021439
8.121812 -0.000020793
8.122812 -0.000002677
8.123812 -0.000003874
8.124812 -0.000002086
8.125813 -0.000001015
8.126813 -0.000001528
8.127813 -0.000008654
8.128813 -0.000021796
8.129813 -0.000036905
8.130813 -0.000039739
8.131813 -0.000045551
8.132813 -0.000050759
8.133813 -0.000049196
8.134813 -0.000043781
8.135814 -0.000044842
8.136814 -0.000046464
8.137814 -0.000039959
8.138814 -0.000043352
8.139814 -0.000030848
8.140814 -0.000031525
8.141814 -0.000003946
8.142814 -0.000012811
8.143814 -0.000008503
8.144814 0.000000897
8.145815 0.000003859
8.146815 0.000009347
8.147815 -0.000004769
8.148815 -0.000001663
8.149815 -0.000013157
8.150815 -0.000016273
8.151815 -0.000023528
8.152815 -0.000031835
8.153815 -0.000034414
8.154815 -0.000041216
8.155816 -0.000042883
8.156816 -0.000034984
8.157816 -0.000037509
8.158816 -0.000022852
8.159816 -0.000012161
8.160816 -0.000005907
8.161816 -0.000003790
8.162816 -0.000000673
8.163816 0.000016871
8.164816 0.000007229
8.165817 0.000003280
8.166817 0.000003931
8.167817 -0.000005557
8.168817 -0.000007975
8.169817 -0.000013042
8.170817 -0.000013097
8.171817 -0.000036164
8.172817 -0.000033646
8.173817 -0.000037046
8.174817 -0.000041497
8.175818 -0.000045019
8.176818 -0.000040587
8.177818 -0.000032654
8.178818 -0.000016932
8.179818 -0.000016487
8.180818 -0.000016222
8.181818 0.000002702
8.182818 -0.000005566
8.183818 0.000005466
8.184818 0.000012942
8.185819 0.000001192
8.186819 -0.000009296
8.187819 -0.000012783
8.188819 -0.000015564
8.189819 -0.000018858
8.190819 -0.000034576
8.191819 -0.000043004
8.192819 -0.000052839
8.193819 -0.000043528
8.194819 -0.000056870
8.195820 -0.000052926
8.196820 -0.000049845
8.197820 -0.000053417
8.198820 -0.000040117
8.199820 -0.000041662
8.200820 -0.000022343
8.201820 -0.000029538
8.202820 -0.000019227
8.203820 -0.000019677
8.204820 -0.000021242
8.205821 -0.000021487
8.206821 -0.000029261
8.207821 -0.000020825
8.208821 -0.000037649
8.209821 -0.000046990
8.210821 -0.000044667
8.211821 -0.000060867
8.212821 -0.000071367
8.213821 -0.000077903
8.214821 -0.000078715
8.215822 -0.000076187
8.216822 -0.000071694
8.217822 -0.000062866
8.218822 -0.000065639
8.219822 -0.000056452
8.220822 -0.000049253
8.221822 -0.000037612
8.222822 -0.000031885
8.223822 -0.000026604
8.224822 -0.000035040
8.225823 -0.000031782
8.226823 -0.000036273
8.227823 -0.000035484
8.228823 -0.000040857
8.229823 -0.000048635
8.230823 -0.000057933
8.231823 -0.000063543
8.232823 -0.000085169
8.233823 -0.000077687
8.234823 -0.000070699
8.235824 -0.000087241
8.236824 -0.000083349
8.237824 -0.000078683
8.238824 -0.000056004
8.239824 -0.000051128
8.240824 -0.000043292
8.241824 -0.000037793
8.242824 -0.000017806
8.243824 -0.000031796
8.244824 -0.000038471
8.245825 -0.000033027
8.246825 -0.000020312
8.247825 -0.000041088
8.248825 -0.000042637
8.249825 -0.000048373
8.250825 -0.000055408
8.251825 -0.000060962
8.252825 -0.000066531
8.253825 -0.000065958
8.254825 -0.000069406
8.255826 -0.000066662
8.256826 -0.000069801
8.257826 -0.000066448
8.258826 -0.000062658
8.259826 -0.000040844
8.260826 -0.000043819
8.261826 -0.000021798
8.262826 -0.000021400
8.263826 -0.000018938
8.264826 -0.000018188
8.265827 -0.000014662
8.266827 -0.000031100
8.267827 -0.000024542
8.268827 -0.000043922
8.269827 -0.000044746
8.270827 -0.000046060
8.271827 -0.000054391
8.272827 -0.000061225
8.273827 -0.000059898
8.274827 -0.000070925
8.275828 -0.000065082
8.276828 -0.000067942
8.277828 -0.000055890
8.278828 -0.000057346
8.279828 -0.000047453
8.280828 -0.000032392
8.281828 -0.000032069
8.282828 -0.000020118
8.283828 -0.000030823
8.284828 -0.000016625
8.285829 -0.000014725
8.286829 -0.000029930
8.287829 -0.000032713
8.288829 -0.000050338
8.289829 -0.000054837
8.290829 -0.000062232
8.291829 -0.000067589
8.292829 -0.000068658
8.293829 -0.000078695
8.294829 -0.000088984
8.295830 -0.000084741
8.296830 -0.000078434
8.297830 -0.000077835
8.298830 -0.000070279
8.299830 -0.000062218
8.300830 -0.000061092
8.301830 -0.000049839
8.302830 -0.000051117
8.303830 -0.000040815
8.304830 -0.000043161
8.305831 -0.000041182
8.306831 -0.000048036
8.307831 -0.000053392
8.308831 -0.000057110
8.309831 -0.000069691
8.310831 -0.000085806
8.311831 -0.000082140
8.312831 -0.000100871
8.313831 -0.000099244
8.314831 -0.000098274
8.315832 -0.000086504
8.316832 -0.000099383
8.317832 -0.000094500
8.318832 -0.000081948
8.319832 -0.000075391
8.320832 -0.000078582
8.321832 -0.000077396
8.322832 -0.000067970
8.323832 -0.000059402
8.324832 -0.000046464
8.325833 -0.000053752
8.326833 -0.000050592
8.327833 -0.000067242
8.328833 -0.000077784
8.329833 -0.000079216
8.330833 -0.000088064
8.331833 -0.000096833
8.332833 -0.000097760
8.333833 -0.000105500
8.334833 -0.000099885
8.335834 -0.000096048
8.336834 -0.000092355
8.337834 -0.000102069
8.338834 -0.000089833
8.339834 -0.000078158
8.340834 -0.000080522
8.341834 -0.000065505
8.342834 -0.000055433
8.343834 -0.000061976
8.344834 -0.000046156
8.345835 -0.000044292
8.346835 -0.000056870
8.347835 -0.000065843
8.348835 -0.000062654
8.349835 -0.000066183
8.350835 -0.000080064
8.351835 -0.000075389
8.352835 -0.000087872
8.353835 -0.000096164
8.354835 -0.000109586
8.355836 -0.000097128
8.356836 -0.000099415
8.357836 -0.000088584
8.358836 -0.000072926
8.359836 -0.000062536
8.360836 -0.000067219
8.361836 -0.000054263
8.362836 -0.000051474
8.363836 -0.000043739
8.364836 -0.000043687
8.365837 -0.000060702
8.366837 -0.000043720
8.367837 -0.000038649
8.368837 -0.000053447
8.369837 -0.000068242
8.370837 -0.000072451
8.371837 -0.000076790
8.372837 -0.000090138
8.373837 -0.000096084
8.374837 -0.000092802
8.375838 -0.000092747
8.376838 -0.000100455
8.377838 -0.000078944
8.378838 -0.000077086
8.379838 -0.000068033
8.380838 -0.000070205
8.381838 -0.000058790
8.382838 -0.000059084
8.383838 -0.000054735
8.384838 -0.000054342
8.385839 -0.000050770
8.386839 -0.000059222
8.387839 -0.000061744
8.388839 -0.000065512
8.389839 -0.000082009
8.390839 -0.000083010
8.391839 -0.000091560
8.392839 -0.000097486
8.393839 -0.000097373
8.394839 -0.000106197
8.395840 -0.000105490
8.396840 -0.000107746
8.397840 -0.000097275
8.398840 -0.000095993
8.399840 -0.000090911
8.400840 -0.000080810
8.401840 -0.000080643
8.402840 -0.000065797
8.403840 -0.000069851
8.404840 -0.000075026
8.405841 -0.000064738
8.406841 -0.000070366
8.407841 -0.000079106
8.408841 -0.000080659
8.409841 -0.000088702
8.410841 -0.000115102
8.411841 -0.000115522
8.412841 -0.000121024
8.413841 -0.000120517
8.414841 -0.000125528
8.415842 -0.000129426
8.416842 -0.000125271
8.417842 -0.000117046
8.418842 -0.000106629
8.419842 -0.000107106
8.420842 -0.000102634
8.421842 -0.000099577
8.422842 -0.000097739
8.423842 -0.000073784
8.424842 -0.000075526
8.425843 -0.000089149
8.426843 -0.000085865
8.427843 -0.000093042
8.428843 -0.000095706
8.429843 -0.000102784
8.430843 -0.000118744
8.431843 -0.000127693
8.432843 -0.000132711
8.433843 -0.000131223
8.434843 -0.000130992
8.435844 -0.000132681
8.436844 -0.000131760
8.437844 -0.000117711
8.438844 -0.000111032
8.439844 -0.000102722
8.440844 -0.000106479
8.441844 -0.000091773
8.442844 -0.000077256
8.443844 -0.000073524
8.444844 -0.000076763
8.445845 -0.000073432
8.446845 -0.000084844
8.447845 -0.000079897
8.448845 -0.000088294
8.449845 -0.000092187
8.450845 -0.000103368
8.451845 -0.000106256
8.452845 -0.000109973
8.453845 -0.000125768
8.454845 -0.000131767
8.455846 -0.000122746
8.456846 -0.000122708
8.457846 -0.000110118
8.458846 -0.000103047
8.459846 -0.000097534
8.460846 -0.000084236
8.461846 -0.000081431
8.462846 -0.000075400
8.463846 -0.000069751
8.464846 -0.000073622
8.465847 -0.000069073
8.466847 -0.000076246
8.467847 -0.000077354
8.468847 -0.000082036
8.469847 -0.000093603
8.470847 -0.000096910
8.471847 -0.000098824
8.472847 -0.000103929
8.473847 -0.000105645
8.474847 -0.000106037
8.475848 -0.000102948
8.476848 -0.000101570
8.477848 -0.000105311
8.478848 -0.000092187
8.479848 -0.000091978
8.480848 -0.000087188
8.481848 -0.000070967
8.482848 -0.000079327
8.483848 -0.000067025
8.484848 -0.000065201
8.485849 -0.000064761
8.486849 -0.000086714
8.487849 -0.000083142
8.488849 -0.000085811
8.489849 -0.000087706
8.490849 -0.000106521
8.491849 -0.000104267
8.492849 -0.000109852
8.493849 -0.000124665
8.494849 -0.000118118
8.495850 -0.000134642
8.496850 -0.000128116
8.497850 -0.000107099
8.498850 -0.000110329
8.499850 -0.000098530
8.500850 -0.000084184
8.501850 -0.000102048
8.502850 -0.000094690
8.503850 -0.000090279
8.504850 -0.000082084
8.505851 -0.000082517
8.506851 -0.000097118
8.507851 -0.000088215
8.508851 -0.000103873
8.509851 -0.000120929
8.510851 -0.000131018
8.511851 -0.000128907
8.512851 -0.000149604
8.513851 -0.000149891
8.514851 -0.000145989
8.515852 -0.000145695
8.516852 -0.000138525
8.517852 -0.000139103
8.518852 -0.000135079
8.519852 -0.000119524
8.520852 -0.000121132
8.521852 -0.000119878
8.522852 -0.000114717
8.523852 -0.000105243
8.524852 -0.000104655
8.525853 -0.000109317
8.526853 -0.000104341
8.527853 -0.000109945
8.528853 -0.000119824
8.529853 -0.000113947
8.530853 -0.000129374
8.531853 -0.000144918
8.532853 -0.000155608
8.533853 -0.000151069
8.534853 -0.000150040
8.535854 -0.000154854
8.536854 -0.000140464
8.537854 -0.000137791
8.538854 -0.000133808
8.539854 -0.000124892
8.540854 -0.000107849
8.541854 -0.000110121
8.542854 -0.000103602
8.543854 -0.000104350
8.544854 -0.000090305
8.545855 -0.000091696
8.546855 -0.000096137
8.547855 -0.000107773
8.548855 -0.000105704
8.549855 -0.000114227
8.550855 -0.000124050
8.551855 -0.000128102
8.552855 -0.000138036
8.553855 -0.000144423
8.554855 -0.000128193
8.555856 -0.000138971
8.556856 -0.000133341
8.557856 -0.000124887
8.558856 -0.000135182
8.559856 -0.000120825
8.560856 -0.000110538
8.561856 -0.000104185
8.562856 -0.000094991
8.563856 -0.000080950
8.564856 -0.000082732
8.565857 -0.000087286
8.566857 -0.000085248
8.567857 -0.000092047
8.568857 -0.000102579
8.569857 -0.000107910
8.570857 -0.000108546
8.571857 -0.000118700
8.572857 -0.000131931
8.573857 -0.000128969
8.574857 -0.000133491
8.575858 -0.000145538
8.576858 -0.000124974
8.577858 -0.000129472
8.578858 -0.000116802
8.579858 -0.000113009
8.580858 -0.000100437
8.581858 -0.000085675
8.582858 -0.000093837
8.583858 -0.000085434
8.584858 -0.000088418
8.585859 -0.000095920
8.586859 -0.000087532
8.587859 -0.000107584
8.588859 -0.000103317
8.589859 -0.000110979
8.590859 -0.000115824
8.591859 -0.000130654
8.592859 -0.000125028
8.593859 -0.000139399
8.594859 -0.000150933
8.595860 -0.000136385
8.596860 -0.000136356
8.597860 -0.000134616
8.598860 -0.000131341
8.599860 -0.000127430
8.600860 -0.000122731
8.601860 -0.000113645
8.602860 -0.000113685
8.603860 -0.000099858
8.604860 -0.000114392
8.605861 -0.000099134
8.606861 -0.000106362
8.607861 -0.000112593
8.608861 -0.000128135
8.609861 -0.000137226
8.610861 -0.000146152
8.611861 -0.000154432
8.612861 -0.000163010
8.613861 -0.000169440
8.614861 -0.000161894
8.615862 -0.000170326
8.616862 -0.000164687
8.617862 -0.000158623
8.618862 -0.000156683
8.619862 -0.000134866
8.620862 -0.000126931
8.621862 -0.000140192
8.622862 -0.000133043
8.623862 -0.000119996
8.624862 -0.000113885
8.625863 -0.000114575
8.626863 -0.000122863
8.627863 -0.000124232
8.628863 -0.000138813
8.629863 -0.000147246
8.630863 -0.000145642
8.631863 -0.000163445
8.632863 -0.000163937
8.633863 -0.000165573
8.634863 -0.000179043
8.635864 -0.000175860
8.636864 -0.000176878
8.637864 -0.000156518
8.638864 -0.000154418
8.639864 -0.000149322
8.640864 -0.000139852
8.641864 -0.000121421
8.642864 -0.000118317
8.643864 -0.000114959
8.644864 -0.000108879
8.645865 -0.000120610
8.646865 -0.000112404
8.647865 -0.000114339
8.648865 -0.000130571
8.649865 -0.000137047
8.650865 -0.000126535
8.651865 -0.000141779
8.652865 -0.000149157
8.653865 -0.000153076
8.654865 -0.000160453
8.655866 -0.000151017
8.656866 -0.000149852
8.657866 -0.000145627
8.658866 -0.000136063
8.659866 -0.000127867
8.660866 -0.000125480
8.661866 -0.000107924
8.662866 -0.000104716
8.663866 -0.000095648
8.664866 -0.000104838
8.665867 -0.000113221
8.666867 -0.000100114
8.667867 -0.000106563
8.668867 -0.000118755
8.669867 -0.000127834
8.670867 -0.000116834
8.671867 -0.000147555
8.672867 -0.000153514
8.673867 -0.000145575
8.674867 -0.000151238
8.675868 -0.000158615
8.676868 -0.000141719
8.677868 -0.000142641
8.678868 -0.000129622
8.679868 -0.000133589
8.680868 -0.000116117
8.681868 -0.000111349
8.682868 -0.000098522
8.683868 -0.000103112
8.684868 -0.000100634
8.685869 -0.000106430
8.686869 -0.000106612
8.687869 -0.000114343
8.688869 -0.000126352
8.689869 -0.000128360
8.690869 -0.000142219
8.691869 -0.000141133
8.692869 -0.000148047
8.693869 -0.000164092
8.694869 -0.000157175
8.695870 -0.000152054
8.696870 -0.000152257
8.697870 -0.000150865
8.698870 -0.000147166
8.699870 -0.000141985
8.700870 -0.000134908
8.701870 -0.000126013
8.702870 -0.000122953
8.703870 -0.000122874
8.704870 -0.000122389
8.705871 -0.000122216
8.706871 -0.000132152
8.707871 -0.000129498
8.708871 -0.000130101
8.709871 -0.000156056
8.710871 -0.000152046
8.711871 -0.000166748
8.712871 -0.000165359
8.713871 -0.000174532
8.714871 -0.000165747
8.715872 -0.000172431
8.716872 -0.000173109
8.717872 -0.000165189
8.718872 -0.000148290
8.719872 -0.000159726
8.720872 -0.000149228
8.721872 -0.000139364
8.722872 -0.000135870
8.723872 -0.000125527
8.724872 -0.000130874
8.725873 -0.000126622
8.726873 -0.000130420
8.727873 -0.000136509
8.728873 -0.000145224
8.729873 -0.000149667
8.730873 -0.000169270
8.731873 -0.000166065
8.732873 -0.000177196
8.733873 -0.000189942
8.734873 -0.000172105
8.735874 -0.000195678
8.736874 -0.000171186
8.737874 -0.000175647
8.738874 -0.000167396
8.739874 -0.000155499
8.740874 -0.000149111
8.741874 -0.000127937
8.742874 -0.000122410
8.743874 -0.000120421
8.744874 -0.000126175
8.745875 -0.000129226
8.746875 -0.000132910
8.747875 -0.000125479
8.748875 -0.000139526
8.749875 -0.000147469
8.750875 -0.000158224
8.751875 -0.000159796
8.752875 -0.000169040
8.753875 -0.000173596
8.754875 -0.000166974
8.755876 -0.000170970
8.756876 -0.000152045
8.757876 -0.000162381
8.758876 -0.000151834
8.759876 -0.000139011
8.760876 -0.000127287
8.761876 -0.000131041
8.762876 -0.000115380
8.763876 -0.000102588
8.764876 -0.000112626
8.765877 -0.000107166
8.766877 -0.000110112
8.767877 -0.000116433
8.768877 -0.000122220
8.769877 -0.000131985
8.770877 -0.000142918
8.771877 -0.000145560
8.772877 -0.000158602
8.773877 -0.000162784
8.774877 -0.000156492
8.775878 -0.000158004
8.776878 -0.000163978
8.777878 -0.000162751
8.778878 -0.000143892
8.779878 -0.000130088
8.780878 -0.000136809
8.781878 -0.000115798
8.782878 -0.000118052
8.783878 -0.000105824
8.784878 -0.000111649
8.785879 -0.000117283
8.786879 -0.000113880
8.787879 -0.000122833
8.788879 -0.000128744
8.789879 -0.000132989
8.790879 -0.000156172
8.791879 -0.000162453
8.792879 -0.000161737
8.793879 -0.000159786
8.794879 -0.000176633
8.795880 -0.000167347
8.796880 -0.000157203
8.797880 -0.000171993
8.798880 -0.000146871
8.799880 -0.000155588
8.800880 -0.000138394
8.801880 -0.000138343
8.802880 -0.000131958
8.803880 -0.000129603
8.804880 -0.000129530
8.805881 -0.000126029
8.806881 -0.000135515
8.807881 -0.000143336
8.808881 -0.000153284
8.809881 -0.000160927
8.810881 -0.000169652
8.811881 -0.000168290
8.812881 -0.000173495
8.813881 -0.000176565
8.814881 -0.000180300
8.815882 -0.000173893
8.816882 -0.000173246
8.817882 -0.000180664
8.818882 -0.000175656
8.819882 -0.000160247
8.820882 -0.000159965
8.821882 -0.000158359
8.822882 -0.000140850
8.823882 -0.000137539
8.824882 -0.000148837
8.825883 -0.000141952
8.826883 -0.000149295
8.827883 -0.000148556
8.828883 -0.000160479
8.829883 -0.000167151
8.830883 -0.000179843
8.831883 -0.000173915
8.832883 -0.000182338
8.833883 -0.000180545
8.834883 -0.000180095
8.835884 -0.000187772
8.836884 -0.000184208
8.837884 -0.000180551
8.838884 -0.000173179
8.839884 -0.000156828
8.840884 -0.000152831
8.841884 -0.000146241
8.842884 -0.000123588
8.843884 -0.000133315
8.844884 -0.000125934
8.845885 -0.000132051
8.846885 -0.000133394
8.847885 -0.000133965
8.848885 -0.000140655
8.849885 -0.000143735
8.850885 -0.000155066
8.851885 -0.000165200
8.852885 -0.000163182
8.853885 -0.000166347
8.854885 -0.000175679
8.855886 -0.000173691
8.856886 -0.000168198
8.857886 -0.000161462
8.858886 -0.000148995
8.859886 -0.000148219
8.860886 -0.000134081
8.861886 -0.000127576
8.862886 -0.000116706
8.863886 -0.000125047
8.864886 -0.000117985
8.865887 -0.000126270
8.866887 -0.000116033
8.867887 -0.000129536
8.868887 -0.000133437
8.869887 -0.000132834
8.870887 -0.000140901
8.871887 -0.000159047
8.872887 -0.000149411
8.873887 -0.000149476
8.874887 -0.000157851
8.875888 -0.000158510
8.876888 -0.000152568
8.877888 -0.000150239
8.878888 -0.000144891
8.879888 -0.000132347
8.880888 -0.000137804
8.881888 -0.000113850
8.882888 -0.000121523
8.883888 -0.000116565
8.884888 -0.000119557
8.885889 -0.000128389
8.886889 -0.000121115
8.887889 -0.000124407
8.888889 -0.000134927
8.889889 -0.000140814
8.890889 -0.000150584
8.891889 -0.000146925
8.892889 -0.000172111
8.893889 -0.000166985
8.894889 -0.000175520
8.895890 -0.000171551
8.896890 -0.000161625
8.897890 -0.000162231
8.898890 -0.000149881
8.899890 -0.000154742
8.900890 -0.000135862
8.901890 -0.000141294
8.902890 -0.000131671
8.903890 -0.000128719
8.904890 -0.000127876
8.905891 -0.000138240
8.906891 -0.000136157
8.907891 -0.000135322
8.908891 -0.000149175
8.909891 -0.000156324
8.910891 -0.000164521
8.911891 -0.000185885
8.912891 -0.000183523
8.913891 -0.000184635
8.914891 -0.000186863
8.915892 -0.000181882
8.916892 -0.000188749
8.917892 -0.000176817
8.918892 -0.000180026
8.919892 -0.000168580
8.920892 -0.000158162
8.921892 -0.000149028
8.922892 -0.000151382
8.923892 -0.000139902
8.924892 -0.000136124
8.925893 -0.000144711
8.926893 -0.000148952
8.927893 -0.000147716
8.928893 -0.000154872
8.929893 -0.000169059
8.930893 -0.000172059
8.931893 -0.000179235
8.932893 -0.000185548
8.933893 -0.000194209
8.934893 -0.000178192
8.935894 -0.000183822
8.936894 -0.000187944
8.937894 -0.000170839
8.938894 -0.000165633
8.939894 -0.000153546
8.940894 -0.000144553
8.941894 -0.000142713
8.942894 -0.000140964
8.943894 -0.000135682
8.944894 -0.000121413
8.945895 -0.000128323
8.946895 -0.000140860
8.947895 -0.000138060
8.948895 -0.000151733
8.949895 -0.000143573
8.950895 -0.000161891
8.951895 -0.000168913
8.952895 -0.000168553
8.953895 -0.000169762
8.954895 -0.000183565
8.955896 -0.000161023
8.956896 -0.000152545
8.957896 -0.000156113
8.958896 -0.000147941
8.959896 -0.000130788
8.960896 -0.000134485
8.961896 -0.000124573
8.962896 -0.000121942
8.963896 -0.000117985
8.964896 -0.000114058
8.965897 -0.000114772
8.966897 -0.000111896
8.967897 -0.000115704
8.968897 -0.000118361
8.969897 -0.000125818
8.970897 -0.000141436
8.971897 -0.000147220
8.972897 -0.000155804
8.973897 -0.000147802
8.974897 -0.000162104
8.975898 -0.000161190
8.976898 -0.000151337
8.977898 -0.000150363
8.978898 -0.000140724
8.979898 -0.000136059
8.980898 -0.000128153
8.981898 -0.000117402
8.982898 -0.000127026
8.983898 -0.000110162
8.984898 -0.000106484
8.985899 -0.000112083
8.986899 -0.000125981
8.987899 -0.000120358
8.988899 -0.000130921
8.989899 -0.000142200
8.990899 -0.000148645
8.991899 -0.000158816
8.992899 -0.000160563
8.993899 -0.000174218
8.994899 -0.000169876
8.995900 -0.000172685
8.996900 -0.000166315
8.997900 -0.000166699
8.998900 -0.000152211
8.999900 -0.000149109
9.000900 -0.000143413
9.001900 -0.000134781
9.002900 -0.000133347
9.003900 -0.000129672
9.004900 -0.000131123
9.005901 -0.000138661
9.006901 -0.000134209
9.007901 -0.000129259
9.008901 -0.000160189
9.009901 -0.000142143
9.010901 -0.000153419
9.011901 -0.000171245
9.012901 -0.000183362
9.013901 -0.000177127
9.014901 -0.000194646
9.015902 -0.000180044
9.016902 -0.000180911
9.017902 -0.000169455
9.018902 -0.000163530
9.019902 -0.000152749
9.020902 -0.000139071
9.021902 -0.000149294
9.022902 -0.000136498
9.023902 -0.000145491
9.024902 -0.000138787
9.025903 -0.000129490
9.026903 -0.000140247
9.027903 -0.000145728
9.028903 -0.000158497
9.029903 -0.000171735
9.030903 -0.000172766
9.031903 -0.000157996
9.032903 -0.000181591
9.033903 -0.000176791
9.034903 -0.000188753
9.035904 -0.000179142
9.036904 -0.000178019
9.037904 -0.000171766
9.038904 -0.000171891
9.039904 -0.000147325
9.040904 -0.000144468
9.041904 -0.000135309
9.042904 -0.000126907
9.043904 -0.000128299
9.044904 -0.000118276
9.045905 -0.000124095
9.046905 -0.000125269
9.047905 -0.000133225
9.048905 -0.000129557
9.049905 -0.000149986
9.050905 -0.000146658
9.051905 -0.000152931
9.052905 -0.000159488
9.053905 -0.000169184
9.054905 -0.000167801
9.055906 -0.000168814
9.056906 -0.000158008
9.057906 -0.000157692
9.058906 -0.000145724
9.059906 -0.000149432
9.060906 -0.000124266
9.061906 -0.000122454
9.062906 -0.000109627
9.063906 -0.000110829
9.064906 -0.000105390
9.065907 -0.000111004
9.066907 -0.000113082
9.067907 -0.000116559
9.068907 -0.000116458
9.069907 -0.000130768
9.070907 -0.000146087
9.071907 -0.000142985
9.072907 -0.000149231
9.073907 -0.000153268
9.074907 -0.000158456
9.075908 -0.000142430
9.076908 -0.000146045
9.077908 -0.000147823
9.078908 -0.000136655
9.079908 -0.000126057
9.080908 -0.000120554
9.081908 -0.000114174
9.082908 -0.000114121
9.083908 -0.000106177
9.084908 -0.000103866
9.085909 -0.000099587
9.086909 -0.000105195
9.087909 -0.000116379
9.088909 -0.000119996
9.089909 -0.000122855
9.090909 -0.000144866
9.091909 -0.000142166
9.092909 -0.000161982
9.093909 -0.000161696
9.094909 -0.000158464
9.095910 -0.000165454
9.096910 -0.000166135
9.097910 -0.000158846
9.098910 -0.000156752
9.099910 -0.000148177
9.100910 -0.000125677
9.101910 -0.000123515
9.102910 -0.000108159
9.103910 -0.000115564
9.104910 -0.000127220
9.105911 -0.000123281
9.106911 -0.000131790
9.107911 -0.000131231
9.108911 -0.000132567
9.109911 -0.000144824
9.110911 -0.000158054
9.111911 -0.000169882
9.112911 -0.000168725
9.113911 -0.000178972
9.114911 -0.000172332
9.115912 -0.000175331
9.116912 -0.000165234
9.117912 -0.000174393
9.118912 -0.000161235
9.119912 -0.000151501
9.120912 -0.000137057
9.121912 -0.000124040
9.122912 -0.000123071
9.123912 -0.000121925
9.124912 -0.000118453
9.125913 -0.000117340
9.126913 -0.000125409
9.127913 -0.000137483
9.128913 -0.000132890
9.129913 -0.000144774
9.130913 -0.000153076
9.131913 -0.000164634
9.132913 -0.000168389
9.133913 -0.000172389
9.134913 -0.000170446
9.135914 -0.000172712
9.136914 -0.000169955
9.137914 -0.000169413
9.138914 -0.000160254
9.139914 -0.000140448
9.140914 -0.000138250
9.141914 -0.000127193
9.142914 -0.000116408
9.143914 -0.000110694
9.144914 -0.000112193
9.145915 -0.000109829
9.146915 -0.000114684
9.147915 -0.000116357
9.148915 -0.000124990
9.149915 -0.000123166
9.150915 -0.000134089
9.151915 -0.000150552
9.152915 -0.000157776
9.153915 -0.000163508
9.154915 -0.000158037
9.155916 -0.000151311
9.156916 -0.000148651
9.157916 -0.000132268
9.158916 -0.000134066
9.159916 -0.000123616
9.160916 -0.000121740
9.161916 -0.000102888
9.162916 -0.000092525
9.163916 -0.000098259
9.164916 -0.000093978
9.165917 -0.000098246
9.166917 -0.000088481
9.167917 -0.000100694
9.168917 -0.000114631
9.169917 -0.000117278
9.170917 -0.000124507
9.171917 -0.000133123
9.172917 -0.000144084
9.173917 -0.000144503
9.174917 -0.000132810
9.175918 -0.000129724
9.176918 -0.000136325
9.177918 -0.000117552
9.178918 -0.000122654
9.179918 -0.000116196
9.180918 -0.000103334
9.181918 -0.000098052
9.182918 -0.000090628
9.183918 -0.000091829
9.184918 -0.000095071
9.185919 -0.000099756
9.186919 -0.000097039
9.187919 -0.000101994
9.188919 -0.000114811
9.189919 -0.000117369
9.190919 -0.000123838
9.191919 -0.000123148
9.192919 -0.000144141
9.193919 -0.000143975
9.194919 -0.000137642
9.195920 -0.000142277
9.196920 -0.000141368
9.197920 -0.000136041
9.198920 -0.000139496
9.199920 -0.000128551
9.200920 -0.000115232
9.201920 -0.000111218
9.202920 -0.000104737
9.203920 -0.000102656
9.204920 -0.000104691
9.205921 -0.000106009
9.206921 -0.000109835
9.207921 -0.000122228
9.208921 -0.000129687
9.209921 -0.000129498
9.210921 -0.000143019
9.211921 -0.000145087
9.212921 -0.000153193
9.213921 -0.000141011
9.214921 -0.000149694
9.215922 -0.000157184
9.216922 -0.000149047
9.217922 -0.000149971
9.218922 -0.000138254
9.219922 -0.000128198
9.220922 -0.000123373
9.221922 -0.000108708
9.222922 -0.000102738
9.223922 -0.000118986
9.224922 -0.000105212
9.225923 -0.000104350
9.226923 -0.000109372
9.227923 -0.000118901
9.228923 -0.000118257
9.229923 -0.000114834
9.230923 -0.000132483
9.231923 -0.000138415
9.232923 -0.000153217
9.233923 -0.000149181
9.234923 -0.000153075
9.235924 -0.000157280
9.236924 -0.000146133
9.237924 -0.000147951
9.238924 -0.000130167
9.239924 -0.000131753
9.240924 -0.000132347
9.241924 -0.000118285
9.242924 -0.000096455
9.243924 -0.000101261
9.244924 -0.000092150
9.245925 -0.000097964
9.246925 -0.000092303
9.247925 -0.000112844
9.248925 -0.000116023
9.249925 -0.000111072
9.250925 -0.000120761
9.251925 -0.000126211
9.252925 -0.000135750
9.253925 -0.000135390
9.254925 -0.000137910
9.255926 -0.000133191
9.256926 -0.000131475
9.257926 -0.000128648
9.258926 -0.000120331
9.259926 -0.000118639
9.260926 -0.000113944
9.261926 -0.000093470
9.262926 -0.000099710
9.263926 -0.000080938
9.264926 -0.000083134
9.265927 -0.000090084
9.266927 -0.000085507
9.267927 -0.000098766
9.268927 -0.000103820
9.269927 -0.000102530
9.270927 -0.000120093
9.271927 -0.000112562
9.272927 -0.000123592
9.273927 -0.000127320
9.274927 -0.000142483
9.275928 -0.000131682
9.276928 -0.000124920
9.277928 -0.000117082
9.278928 -0.000121489
9.279928 -0.000102359
9.280928 -0.000103378
9.281928 -0.000089765
9.282928 -0.000078231
9.283928 -0.000078215
9.284928 -0.000079980
9.285929 -0.000065789
9.286929 -0.000086135
9.287929 -0.000087474
9.288929 -0.000094511
9.289929 -0.000096666
9.290929 -0.000107089
9.291929 -0.000125147
9.292929 -0.000124183
9.293929 -0.000122478
9.294929 -0.000127414
9.295930 -0.000136184
9.296930 -0.000127617
9.297930 -0.000122181
9.298930 -0.000118174
9.299930 -0.000115759
9.300930 -0.000107171
9.301930 -0.000106944
9.302930 -0.000093727
9.303930 -0.000084564
9.304930 -0.000083355
9.305931 -0.000088459
9.306931 -0.000103546
9.307931 -0.000100479
9.308931 -0.000098814
9.309931 -0.000109399
9.310931 -0.000120790
9.311931 -0.000134694
9.312931 -0.000138325
9.313931 -0.000138106
9.314931 -0.000140585
9.315932 -0.000142487
9.316932 -0.000147813
9.317932 -0.000144377
9.318932 -0.000132528
9.319932 -0.000114732
9.320932 -0.000105123
9.321932 -0.000109463
9.322932 -0.000087379
9.323932 -0.000082840
9.324932 -0.000093456
9.325933 -0.000099445
9.326933 -0.000097097
9.327933 -0.000100464
9.328933 -0.000104767
9.329933 -0.000121834
9.330933 -0.000125183
9.331933 -0.000135552
9.332933 -0.000132853
9.333933 -0.000135079
9.334933 -0.000142421
9.335934 -0.000144129
9.336934 -0.000126222
9.337934 -0.000125056
9.338934 -0.000112779
9.339934 -0.000116315
9.340934 -0.000096272
9.341934 -0.000094864
9.342934 -0.000079586
9.343934 -0.000081810
9.344934 -0.000076265
9.345935 -0.000089116
9.346935 -0.000087042
9.347935 -0.000091735
9.348935 -0.000098235
9.349935 -0.000097774
9.350935 -0.000111296
9.351935 -0.000123529
9.352935 -0.000128286
9.353935 -0.000127793
9.354935 -0.000122900
9.355936 -0.000114499
9.356936 -0.000113740
9.357936 -0.000104617
9.358936 -0.000108953
9.359936 -0.000091686
9.360936 -0.000077160
9.361936 -0.000080949
9.362936 -0.000067019
9.363936 -0.000071260
9.364936 -0.000073714
9.365937 -0.000072041
9.366937 -0.000058965
9.367937 -0.000070118
9.368937 -0.000083724
9.369937 -0.000095853
9.370937 -0.000109988
9.371937 -0.000102512
9.372937 -0.000109041
9.373937 -0.000113215
9.374937 -0.000118900
9.375938 -0.000101178
9.376938 -0.000109407
9.377938 -0.000107185
9.378938 -0.000100285
9.379938 -0.000084468
9.380938 -0.000074931
9.381938 -0.000079331
9.382938 -0.000066836
9.383938 -0.000070308
9.384938 -0.000059446
9.385939 -0.000066305
9.386939 -0.000059150
9.387939 -0.000070138
9.388939 -0.000063162
9.389939 -0.000081116
9.390939 -0.000098839
9.391939 -0.000104136
9.392939 -0.000112277
9.393939 -0.000108043
9.394939 -0.000119493
9.395940 -0.000121534
9.396940 -0.000107714
9.397940 -0.000109138
9.398940 -0.000097678
9.399940 -0.000097085
9.400940 -0.000083548
9.401940 -0.000075963
9.402940 -0.000068814
9.403940 -0.000063971
9.404940 -0.000070836
9.405941 -0.000067013
9.406941 -0.000082278
9.407941 -0.000082891
9.408941 -0.000085017
9.409941 -0.000104530
9.410941 -0.000101406
9.411941 -0.000118089
9.412941 -0.000114840
9.413941 -0.000119015
9.414941 -0.000129844
9.415942 -0.000126689
9.416942 -0.000106747
9.417942 -0.000116064
9.418942 -0.000104434
9.419942 -0.000088359
9.420942 -0.000083800
9.421942 -0.000071029
9.422942 -0.000070542
9.423942 -0.000071658
9.424942 -0.000071842
9.425943 -0.000079707
9.426943 -0.000067616
9.427943 -0.000077773
9.428943 -0.000084654
9.429943 -0.000091200
9.430943 -0.000098796
9.431943 -0.000110383
9.432943 -0.000115517
9.433943 -0.000106093
9.434943 -0.000107168
9.435944 -0.000111169
9.436944 -0.000121526
9.437944 -0.000104049
9.438944 -0.000094549
9.439944 -0.000089246
9.440944 -0.000079599
9.441944 -0.000060565
9.442944 -0.000060721
9.443944 -0.000061630
9.444944 -0.000051151
9.445945 -0.000052549
9.446945 -0.000055029
9.447945 -0.000064170
9.448945 -0.000064637
9.449945 -0.000086231
9.450945 -0.000082084
9.451945 -0.000088781
9.452945 -0.000088894
9.453945 -0.000099804
9.454945 -0.000094801
9.455946 -0.000088601
9.456946 -0.000098866
9.457946 -0.000081284
9.458946 -0.000077008
9.459946 -0.000069784
9.460946 -0.000071022
9.461946 -0.000065562
9.462946 -0.000059267
9.463946 -0.000052863
9.464946 -0.000046114
9.465947 -0.000049053
9.466947 -0.000053286
9.467947 -0.000053449
9.468947 -0.000060482
9.469947 -0.000069670
9.470947 -0.000081847
9.471947 -0.000088910
9.472947 -0.000098899
9.473947 -0.000092763
9.474947 -0.000094206
9.475948 -0.000086848
9.476948 -0.000085814
9.477948 -0.000077346
9.478948 -0.000059932
9.479948 -0.000060002
9.480948 -0.000057036
9.481948 -0.000044592
9.482948 -0.000043377
9.483948 -0.000042076
9.484948 -0.000035973
9.485949 -0.000045025
9.486949 -0.000045206
9.487949 -0.000041195
9.488949 -0.000058149
9.489949 -0.000051014
9.490949 -0.000078847
9.491949 -0.000079771
9.492949 -0.000079658
9.493949 -0.000089274
9.494949 -0.000096870
9.495950 -0.000095291
9.496950 -0.000091680
9.497950 -0.000079418
9.498950 -0.000068285
9.499950 -0.000061997
9.500950 -0.000063855
9.501950 -0.000052629
9.502950 -0.000048696
9.503950 -0.000035151
9.504950 -0.000041338
9.505951 -0.000037256
9.506951 -0.000050213
9.507951 -0.000044093
9.508951 -0.000061684
9.509951 -0.000063500
9.510951 -0.000075903
9.511951 -0.000070554
9.512951 -0.000088994
9.513951 -0.000096112
9.514951 -0.000090136
9.515952 -0.000090865
9.516952 -0.000081674
9.517952 -0.000088371
9.518952 -0.000076067
9.519952 -0.000068678
9.520952 -0.000057283
9.521952 -0.000050457
9.522952 -0.000039407
9.523952 -0.000042084
9.524952 -0.000042614
9.525953 -0.000046814
9.526953 -0.000048461
9.527953 -0.000048675
9.528953 -0.000060068
9.529953 -0.000060425
9.530953 -0.000073526
9.531953 -0.000084755
9.532953 -0.000076409
9.533953 -0.000083659
9.534953 -0.000086424
9.535954 -0.000081030
9.536954 -0.000082779
9.537954 -0.000076356
9.538954 -0.000064708
9.539954 -0.000048976
9.540954 -0.000056656
9.541954 -0.000030769
9.542954 -0.000037300
9.543954 -0.000029615
9.544954 -0.000034980
9.545955 -0.000037794
9.546955 -0.000039201
9.547955 -0.000030515
9.548955 -0.000042773
9.549955 -0.000058520
9.550955 -0.000049920
9.551955 -0.000068454
9.552955 -0.000062700
9.553955 -0.000081339
9.554955 -0.000070697
9.555956 -0.000072836
9.556956 -0.000056242
9.557956 -0.000057040
9.558956 -0.000063109
9.559956 -0.000050716
9.560956 -0.000038072
9.561956 -0.000033113
9.562956 -0.000025610
9.563956 -0.000018862
9.564956 -0.000014218
9.565957 -0.000013513
9.566957 -0.000019925
9.567957 -0.000024323
9.568957 -0.000027655
9.569957 -0.000035702
9.570957 -0.000041777
9.571957 -0.000050466
9.572957 -0.000059114
9.573957 -0.000054332
9.574957 -0.000061801
9.575958 -0.000060689
9.576958 -0.000059056
9.577958 -0.000050494
9.578958 -0.000046927
9.579958 -0.000040574
9.580958 -0.000029309
9.581958 -0.000028722
9.582958 -0.000019786
9.583958 -0.000006605
9.584958 -0.000018485
9.585959 -0.000012515
9.586959 -0.000016326
9.587959 -0.000015387
9.588959 -0.000029593
9.589959 -0.000035750
9.590959 -0.000043424
9.591959 -0.000049574
9.592959 -0.000053149
9.593959 -0.000061941
9.594959 -0.000060118
9.595960 -0.000049716
9.596960 -0.000063224
9.597960 -0.000049851
9.598960 -0.000053282
9.599960 -0.000050712
9.600960 -0.000034895
9.601960 -0.000035913
9.602960 -0.000022791
9.603960 -0.000008015
9.604960 -0.000011592
9.605961 -0.000014604
9.606961 -0.000016922
9.607961 -0.000029572
9.608961 -0.000037638
9.609961 -0.000039424
9.610961 -0.000049571
9.611961 -0.000055678
9.612961 -0.000062711
9.613961 -0.000070849
9.614961 -0.000064582
9.615962 -0.000058504
9.616962 -0.000059308
9.617962 -0.000058350
9.618962 -0.000053486
9.619962 -0.000046554
9.620962 -0.000033907
9.621962 -0.000023334
9.622962 -0.000022511
9.623962 -0.000013763
9.624962 -0.000015343
9.625963 -0.000014128
9.626963 -0.000012302
9.627963 -0.000009996
9.628963 -0.000023965
9.629963 -0.000045323
9.630963 -0.000046458
9.631963 -0.000050498
9.632963 -0.000065038
9.633963 -0.000056800
9.634963 -0.000063280
9.635964 -0.000060356
9.636964 -0.000055518
9.637964 -0.000055563
9.638964 -0.000041822
9.639964 -0.000040892
9.640964 -0.000031353
9.641964 -0.000022128
9.642964 -0.000003415
9.643964 -0.000009195
9.644964 -0.000011667
9.645965 -0.000014800
9.646965 -0.000009179
9.647965 -0.000014766
9.648965 -0.000020882
9.649965 -0.000030294
9.650965 -0.000031402
9.651965 -0.000039439
9.652965 -0.000051794
9.653965 -0.000059338
9.654965 -0.000052435
9.655966 -0.000051257
9.656966 -0.000044026
9.657966 -0.000029162
9.658966 -0.000027512
9.659966 -0.000026845
9.660966 -0.000012480
9.661966 -0.000000866
9.662966 0.000006555
9.663966 0.000004675
9.664966 0.000008460
9.665967 0.000001689
9.666967 0.000002294
9.667967 -0.000000710
9.668967 0.000004791
9.669967 -0.000017819
9.670967 -0.000028672
9.671967 -0.000032549
9.672967 -0.000026421
9.673967 -0.000028728
9.674967 -0.000033235
9.675968 -0.000034960
9.676968 -0.000026284
9.677968 -0.000030792
9.678968 -0.000027983
9.679968 -0.000013623
9.680968 -0.000010044
9.681968 0.000000459
9.682968 0.000008138
9.683968 0.000023243
9.684968 0.000020394
9.685969 0.000012750
9.686969 0.000013112
9.687969 -0.000000921
9.688969 -0.000008289
9.689969 -0.000005269
9.690969 -0.000022025
9.691969 -0.000031458
9.692969 -0.000034181
9.693969 -0.000035081
9.694969 -0.000043424
9.695970 -0.000033869
9.696970 -0.000028892
9.697970 -0.000033625
9.698970 -0.000021910
9.699970 -0.000009100
9.700970 -0.000001465
9.701970 0.000011456
9.702970 0.000016082
9.703970 0.000015759
9.704970 0.000015830
9.705971 0.000015511
9.706971 0.000017025
9.707971 0.000003218
9.708971 0.000000299
9.709971 -0.000001644
9.710971 -0.000022428
9.711971 -0.000022794
9.712971 -0.000033985
9.713971 -0.000036397
9.714971 -0.000034846
9.715972 -0.000029335
9.716972 -0.000045835
9.717972 -0.000024101
9.718972 -0.000016405
9.719972 -0.000007650
9.720972 -0.000007520
9.721972 0.000007603
9.722972 0.000019129
9.723972 0.000015864
9.724972 0.000032500
9.725973 0.000019692
9.726973 0.000018552
9.727973 0.000012929
9.728973 0.000005603
9.729973 -0.000006853
9.730973 -0.000012940
9.731973 -0.000030295
9.732973 -0.000029501
9.733973 -0.000022533
9.734973 -0.000027479
9.735974 -0.000032512
9.736974 -0.000025177
9.737974 -0.000013274
9.738974 -0.000013662
9.739974 -0.000005286
9.740974 0.000007176
9.741974 0.000018700
9.742974 0.000031515
9.743974 0.000027130
9.744974 0.000019243
9.745975 0.000034667
9.746975 0.000025537
9.747975 0.000016354
9.748975 0.000008721
9.749975 -0.000000508
9.750975 -0.000008902
9.751975 -0.000000520
9.752975 -0.000018610
9.753975 -0.000023713
9.754975 -0.000016418
9.755976 -0.000022404
9.756976 -0.000017446
9.757976 -0.000010533
9.758976 0.000003862
9.759976 0.000020130
9.760976 0.000010980
9.761976 0.000016068
9.762976 0.000034135
9.763976 0.000043665
9.764976 0.000040646
9.765977 0.000046060
9.766977 0.000040081
9.767977 0.000026490
9.768977 0.000021405
9.769977 0.000022221
9.770977 0.000004983
9.771977 -0.000011987
9.772977 -0.000000720
9.773977 0.000000158
9.774977 -0.000011028
9.775978 -0.000009985
9.776978 0.000000143
9.777978 0.000007715
9.778978 0.000005195
9.779978 0.000012402
9.780978 0.000024502
9.781978 0.000026390
9.782978 0.000032368
9.783978 0.000041722
9.784978 0.000038881
9.785979 0.000037897
9.786979 0.000026782
9.787979 0.000022864
9.788979 0.000021822
9.789979 0.000013870
9.790979 0.000009530
9.791979 -0.000004409
9.792979 -0.000011033
9.793979 -0.000009057
9.794979 -0.000025510
9.795980 -0.000012672
9.796980 -0.000006415
9.797980 0.000002156
9.798980 0.000004816
9.799980 0.000014197
9.800980 0.000033178
9.801980 0.000034620
9.802980 0.000043031
9.803980 0.000044169
9.804980 0.000036100
9.805981 0.000043402
9.806981 0.000031305
9.807981 0.000035952
9.808981 0.000019453
9.809981 0.000011250
9.810981 0.000010393
9.811981 0.000005039
9.812981 -0.000004841
9.813981 -0.000005570
9.814981 -0.000007671
9.815982 -0.000002034
9.816982 0.000006804
9.817982 -0.000003698
9.818982 0.000015903
9.819982 0.000027594
9.820982 0.000031915
9.821982 0.000029908
9.822982 0.000040615
9.823982 0.000045449
9.824982 0.000036929
9.825983 0.000040562
9.826983 0.000037634
9.827983 0.000029378
9.828983 0.000033405
9.829983 0.000019267
9.830983 0.000029351
9.831983 0.000013663
9.832983 0.000013858
9.833983 -0.000005281
9.834983 0.000000609
9.835984 0.000015669
9.836984 0.000004858
9.837984 0.000010115
9.838984 0.000013414
9.839984 0.000019496
9.840984 0.000035538
9.841984 0.000031170
9.842984 0.000048707
9.843984 0.000050178
9.844984 0.000050636
9.845985 0.000050500
9.846985 0.000048786
9.847985 0.000050262
9.848985 0.000039663
9.849985 0.000024931
9.850985 0.000017638
9.851985 0.000008353
9.852985 0.000008257
9.853985 0.000007204
9.854985 0.000008014
9.855986 0.000010639
9.856986 0.000008906
9.857986 0.000023975
9.858986 0.000037555
9.859986 0.000030171
9.860986 0.000041413
9.861986 0.000052649
9.862986 0.000053909
9.863986 0.000057949
9.864986 0.000057573
9.865987 0.000059052
9.866987 0.000054819
9.867987 0.000062626
9.868987 0.000051833
9.869987 0.000046140
9.870987 0.000027733
9.871987 0.000017153
9.872987 0.000011806
9.873987 0.000005883
9.874987 0.000020956
9.875988 0.000017154
9.876988 0.000005818
9.877988 0.000029754
9.878988 0.000033231
9.879988 0.000045405
9.880988 0.000045112
9.881988 0.000060170
9.882988 0.000069138
9.883988 0.000063625
9.884988 0.000074072
9.885989 0.000069687
9.886989 0.000066516
9.887989 0.000062723
9.888989 0.000057449
9.889989 0.000060086
9.890989 0.000046143
9.891989 0.000030711
9.892989 0.000033818
9.893989 0.000028204
9.894989 0.000019342
9.895990 0.000024856
9.896990 0.000027344
9.897990 0.000044040
9.898990 0.000037152
9.899990 0.000044482
9.900990 0.000062928
9.901990 0.000066191
9.902990 0.000070634
9.903990 0.000068505
9.904990 0.000079326
9.905991 0.000083966
9.906991 0.000072398
9.907991 0.000071944
9.908991 0.000059768
9.909991 0.000046651
9.910991 0.000033264
9.911991 0.000029880
9.912991 0.000032373
9.913991 0.000033156
9.914991 0.000032288
9.915992 0.000027774
9.916992 0.000020736
9.917992 0.000036828
9.918992 0.000035984
9.919992 0.000047763
9.920992 0.000059555
9.921992 0.000065224
9.922992 0.000072178
9.923992 0.000083170
9.924992 0.000079294
9.925993 0.000067383
9.926993 0.000081897
9.927993 0.000067458
9.928993 0.000053457
9.929993 0.000057302
9.930993 0.000047754
9.931993 0.000037607
9.932993 0.000029640
9.933993 0.000035180
9.934993 0.000034494
9.935994 0.000027228
9.936994 0.000040427
9.937994 0.000045136
9.938994 0.000043998
9.939994 0.000056820
9.940994 0.000057754
9.941994 0.000075994
9.942994 0.000070243
9.943994 0.000076847
9.944994 0.000086748
9.945995 0.000087977
9.946995 0.000078788
9.947995 0.000069915
9.948995 0.000070137
9.949995 0.000057136
9.950995 0.000055293
9.951995 0.000040612
9.952995 0.000033669
9.953995 0.000041987
9.954995 0.000036937
9.955996 0.000034319
9.956996 0.000033757
9.957996 0.000040446
9.958996 0.000050707
9.959996 0.000056156
9.960996 0.000072287
9.961996 0.000070109
9.962996 0.000089185
9.963996 0.000082656
9.964996 0.000084882
9.965997 0.000076406
9.966997 0.000083623
9.967997 0.000081353
9.968997 0.000066209
9.969997 0.000058093
9.970997 0.000047978
9.971997 0.000043691
9.972997 0.000033824
9.973997 0.000045420
9.974997 0.000032295
9.975998 0.000043952
9.976998 0.000046943
9.977998 0.000044808
9.978998 0.000046506
9.979998 0.000058719
9.980998 0.000074984
9.981998 0.000085878
9.982998 0.000081742
9.983998 0.000091696
9.984998 0.000098586
9.985999 0.000086448
9.986999 0.000084851
9.987999 0.000084542
9.988999 0.000086152
9.989999 0.000068481
9.990999 0.000053322
9.991999 0.000054396
9.992999 0.000050452
9.993999 0.000037123
9.994999 0.000039076
9.996000 0.000054673
9.997000 0.000043010
9.998000 0.000051469
9.999000 0.000065066
10.000000 0.000070332
